CONTRACT_ID,km_8,km_16
17228104,2,2
17237409,0,12
17276280,7,7
17282809,6,10
17283247,0,8
17294333,0,8
17306398,2,11
17320168,0,12
17324117,0,12
17343042,4,13
17361127,0,12
17380290,7,7
17380435,0,12
17440098,0,8
17440159,0,12
17441336,0,12
17451043,0,12
17453460,0,12
17457275,4,13
17457499,0,8
17464703,6,10
17469653,0,12
17471524,0,12
17480620,0,12
17482944,0,12
17486396,0,12
17487145,2,11
17487154,4,4
17496736,7,7
17515338,0,12
17519015,4,4
17526637,6,10
17527642,4,13
17534386,4,12
17539543,7,7
17540012,1,1
17543478,7,7
17547601,0,8
17549778,0,12
17550256,0,12
17551572,0,12
17556467,4,13
17565285,7,7
17566489,0,12
17583019,4,4
17596058,0,8
17600051,0,12
17605180,0,12
17612130,4,4
17614909,0,12
17614995,0,12
17615741,2,11
17615965,6,10
17616155,5,5
17616223,4,4
17617121,6,10
17619665,6,10
17620492,0,12
17620542,4,4
17630865,0,12
17635143,0,12
17643174,0,12
17643189,0,12
17645359,6,10
17648386,0,8
17648448,4,13
17648985,0,12
17652337,4,13
17653775,0,12
17656550,0,12
17657283,0,12
17658637,0,12
17664447,0,12
17666541,0,12
17669732,0,12
17670028,0,12
17670249,4,4
17676552,5,5
17699612,0,8
17700846,0,12
17701738,2,11
17705211,7,7
17712533,0,8
17713743,0,8
17718361,0,12
17718710,0,12
17720131,0,8
17723600,0,8
17723740,4,4
17725882,0,12
17730318,0,8
17730660,7,7
17731914,2,2
17732851,0,12
17738727,0,8
17739962,0,12
17741051,0,12
17749040,0,12
17751775,0,12
17752110,0,12
17752306,7,7
17752354,0,12
17753422,0,8
17753521,6,10
17753585,0,8
17753971,4,13
17757281,0,12
17761923,4,12
17764004,4,4
17764233,5,5
17764554,0,12
17766028,0,8
17766425,0,8
17766973,0,12
17771113,4,13
17777713,4,4
17778913,4,13
17780202,0,12
17787483,0,12
17790411,4,13
17790745,4,4
17793790,0,12
17794613,0,12
17795930,0,12
17807552,0,8
17807627,0,8
17818042,5,5
17823447,4,13
17831388,0,8
17832542,0,8
17833164,0,12
17833576,7,7
17837263,0,12
17837393,0,12
17837605,0,8
17837693,4,4
17846477,0,12
17847232,0,12
17858932,4,4
17865751,4,4
17868087,0,8
17868575,0,8
17873318,0,12
17875431,2,13
17875766,0,12
17875956,2,15
17877004,0,12
17881063,0,12
17881696,0,12
17885916,7,7
17885925,6,10
17888981,7,7
17892768,0,8
17892786,0,12
17893076,0,12
17893350,0,12
17893735,0,8
17894815,4,4
17902383,0,8
17906580,0,12
17917096,4,13
17921549,6,10
17922714,0,8
17929602,0,8
17929957,7,7
17930007,4,13
17930051,0,8
17930450,0,12
17930992,0,12
17932134,4,12
17933076,0,8
17935505,4,4
17942183,5,6
17942324,0,8
17946592,0,8
17946710,7,7
17947345,0,12
17949541,0,12
17954354,0,8
17964148,0,12
17964261,0,8
17965290,0,8
17966884,0,8
17966968,0,8
17967411,7,7
17971689,0,12
17998711,0,8
17998889,2,13
18004363,0,8
18006087,0,8
18006484,4,4
18011168,6,10
18012860,0,12
18022792,0,12
18023574,7,7
18024063,0,12
18028044,6,10
18036861,0,12
18038381,6,10
18060399,4,4
18065296,0,12
18066005,0,12
18076676,0,8
18079081,0,12
18080520,0,8
18087995,4,13
18088562,7,7
18089303,7,7
18089806,0,12
18093351,0,12
18096537,0,12
18101161,4,4
18101678,0,12
18104875,0,8
18105543,5,5
18112504,4,4
18116414,0,8
18116969,2,2
18124482,0,12
18124755,0,12
18129964,0,12
18130215,0,8
18144305,0,8
18146036,6,10
18146307,0,12
18146522,4,13
18158382,4,12
18160997,0,12
18172775,6,10
18176135,0,8
18176195,0,8
18188257,0,8
18197928,7,7
18198196,0,12
18198241,7,7
18198254,6,10
18201573,6,10
18215794,0,8
18216069,4,13
18226596,0,8
18226763,0,12
18227420,6,10
18227846,1,1
18230178,7,7
18231122,7,7
18238357,0,8
18255230,7,7
18272478,0,12
18283819,0,12
18290917,0,12
18326604,0,12
18330963,7,7
18336002,0,12
18342794,2,13
18343157,0,8
18343169,4,4
18343453,0,8
18344232,4,4
18350399,0,8
18365644,7,2
18376964,0,8
18379032,0,12
18379214,0,0
18380887,0,12
18383569,0,12
18384207,0,8
18388889,0,12
18391406,0,12
18391849,2,11
18392463,0,12
18392611,0,12
18394719,0,12
18395245,7,7
18397223,0,8
18408068,4,4
18409061,0,8
18412604,4,13
18418540,0,8
18419840,0,8
18419871,0,8
18423038,0,8
18424050,0,8
18424155,0,8
18429253,0,12
18437511,6,2
18438235,4,13
18441939,0,8
18461503,5,6
18461672,0,12
18472327,0,8
18473289,4,4
18474014,0,8
18477690,6,10
18479474,0,8
18481416,0,12
18489331,7,7
18493540,4,4
18501547,0,8
18509495,4,13
18515171,6,10
18516593,2,15
18520024,0,8
18520078,0,12
18520282,6,10
18520760,0,12
18523214,0,8
18528191,4,4
18531585,0,8
18531913,0,8
18538810,0,12
18540871,0,8
18547871,0,8
18548125,2,11
18548203,0,12
18550579,7,7
18957144,0,8
18976126,4,4
18976950,4,4
18978497,4,4
18978863,4,4
18981268,0,12
18983612,4,4
18992338,0,12
18997386,4,4
19032567,0,8
19033725,0,12
19034376,0,8
19041262,4,13
19046068,4,4
19047630,0,8
19048294,1,1
19048385,0,8
19049596,0,8
19052045,5,5
19057049,6,10
19057184,0,8
19069551,0,8
19069778,0,8
19071316,0,8
19071709,7,7
19075967,0,12
19083105,4,13
19089072,5,5
19089449,0,8
19089527,0,12
19096860,6,10
19098525,0,12
19103224,0,8
19111969,7,7
19129856,0,8
19134561,5,5
19141078,6,10
19142515,0,8
19143292,0,12
19143561,6,10
19143736,0,12
19143849,4,4
19144580,0,8
19145074,0,8
19147469,5,6
19151908,0,8
19151922,2,15
19152460,4,4
19152663,7,7
19153770,0,8
19157621,0,8
19158162,0,12
19162644,0,12
19162681,0,8
19165435,0,8
19165487,4,4
19167110,1,1
19169474,5,6
19177954,7,7
19188395,0,8
19190077,0,12
19191763,4,4
19192177,0,8
19200294,4,4
19200753,0,8
19201748,0,8
19202173,0,8
19205642,0,12
19205880,7,7
19209216,4,4
19213710,0,8
19213727,0,8
19215838,0,8
19215878,6,10
19216018,0,8
19216824,7,7
19217314,0,12
19219562,2,13
19220748,5,5
19221977,4,13
19221995,0,0
19222524,4,12
19234542,0,8
19235120,0,8
19235315,0,12
19237541,4,4
19242743,0,8
19242827,7,7
19242856,0,8
19243406,7,7
19243850,2,11
19244882,4,13
19256083,5,5
19256784,0,8
19257284,0,8
19261285,0,8
19261329,4,4
19262435,0,8
19268342,0,12
19274983,0,12
19275081,0,8
19276817,6,10
19277298,0,8
19278342,0,8
19278457,0,8
19282984,0,8
19286171,4,4
19286330,0,12
19286364,0,8
19286413,7,7
19286434,6,2
19286615,4,4
19286828,0,8
19287020,6,10
19287938,0,8
19288206,0,8
19290848,4,4
19291773,0,8
19291850,7,7
19292182,0,8
19292459,4,4
19293038,0,12
19302646,0,12
19302663,0,0
19304289,0,12
19304650,0,8
19305221,7,7
19306530,4,13
19309429,6,10
19309605,0,12
19309794,0,12
19311801,0,12
19313839,0,8
19313912,2,11
19314648,0,8
19314790,0,8
19333429,0,12
19335358,0,12
19347742,0,0
19348234,0,8
19348911,0,12
19350832,0,8
19351122,6,2
19352151,0,12
19358905,7,7
19358994,4,4
19359016,0,0
19359078,0,8
19359148,4,13
19359901,0,8
19360442,6,10
19360589,4,4
19361624,0,12
19361865,4,13
19362319,0,8
19362885,0,0
19363139,6,10
19363501,0,12
19370303,0,0
19370887,4,13
19370927,0,8
19370991,0,12
19371366,0,12
19371488,0,8
19372923,0,12
19374064,0,12
19374397,4,4
19374478,0,0
19374786,0,0
19382203,0,0
19382532,0,12
19383042,0,8
19383157,0,12
19383431,0,8
19383781,0,8
19384015,0,8
19384133,0,8
19384210,7,7
19384795,0,0
19384882,6,10
19385005,4,13
19385511,7,7
19388191,6,7
19389058,0,0
19393886,0,8
19396307,0,0
19397262,6,10
19403337,0,8
19406140,4,4
19411993,0,8
19412196,0,12
19412690,5,6
19413133,7,7
19413980,0,0
19417126,4,13
19419878,0,0
19428813,0,8
19429201,0,8
19430519,0,12
19431381,0,8
19440953,6,10
19441319,0,8
19444359,0,0
19446071,4,4
19449763,7,7
19457166,6,10
19457689,4,4
19459600,0,8
19459692,0,0
19460636,0,8
19462501,0,12
19463275,0,0
19463418,7,7
19465025,0,0
19473049,0,12
19473417,0,12
19473820,6,10
19473957,0,0
19474021,0,8
19474587,0,8
19477314,4,13
19477476,0,8
19477602,6,10
19487631,0,8
19495530,2,15
19495616,0,12
19496008,7,2
19498253,0,8
19499225,6,2
19500317,0,0
19503054,0,8
19503075,0,8
19503130,0,8
19503148,0,0
19503301,0,0
19503812,6,10
19504032,0,0
19504757,0,8
19504803,7,7
19505238,0,8
19505310,0,12
19505572,7,7
19509263,0,8
19510204,0,8
19510959,4,13
19516892,0,8
19516930,0,8
19519361,7,2
19519378,0,8
19519814,0,8
19519902,0,8
19520745,0,8
19522453,0,8
19525167,4,13
19525275,0,8
19525520,0,0
19525795,0,8
19525826,4,4
19526109,4,13
19526397,4,4
19530387,0,8
19533967,0,12
19534156,4,4
19534988,0,0
19535089,0,12
19537744,2,11
19539025,0,12
19543942,0,0
19546250,0,12
19551590,7,7
19552163,5,5
19552658,0,8
19553317,7,7
19553385,6,10
19554613,6,2
19554754,0,8
19555031,6,10
19560689,0,8
19560974,0,8
19569251,0,8
19569720,0,0
19570014,0,0
19573192,5,5
19578535,0,0
19581003,6,10
19581042,0,0
19581198,0,12
19581212,0,8
19584898,4,13
19585932,0,12
19586083,0,8
19586954,4,13
19587675,0,8
19588183,0,12
19588664,0,8
19589073,0,0
19597135,7,7
19598343,2,2
19598634,1,1
19599720,0,8
19599824,4,4
19600504,4,15
19602584,0,8
19602930,5,5
19603735,0,8
19604542,0,12
19605126,4,13
19605702,4,13
19605711,0,12
19607877,0,8
19609956,0,0
19615068,0,8
19617058,1,1
19617067,4,13
19617796,7,7
19619068,4,4
19622775,0,8
19623570,6,10
19623622,0,8
19624026,0,0
19647862,4,13
19648615,0,0
19648886,0,8
19648987,0,8
19649915,6,6
19650179,6,10
19654592,6,10
19655165,0,0
19657501,0,12
19657520,4,4
19657617,4,4
19657695,2,11
19660437,2,11
19662921,0,8
19663188,0,8
19663311,6,10
19663542,7,7
19663576,0,8
19663851,4,4
19663985,0,8
19665775,4,12
19666032,0,0
19666839,0,0
19667496,0,12
19679868,0,8
19681957,4,4
19684984,0,0
19686651,0,8
19690555,6,10
19690565,0,8
19690809,0,12
19691015,0,8
19694694,0,8
19700936,0,0
19703485,0,8
19703508,0,0
19705219,6,10
19710783,4,4
19715672,0,8
19719317,0,8
19721429,0,8
19721471,0,8
19721516,0,8
19721887,0,8
19727196,4,4
19738220,4,4
19742261,6,10
19743281,4,13
19755123,0,12
19761224,0,8
19762966,4,4
19771821,6,10
19776454,0,8
19777494,5,5
19780930,4,13
19782713,0,8
19782846,0,0
19785833,4,4
19791040,0,12
19799135,0,0
19800802,0,8
19804820,0,12
19804959,4,13
19812301,0,12
19813275,0,8
19813604,0,12
19813965,7,7
19814167,0,8
19815401,0,8
19827987,4,4
19828517,4,4
19835104,0,12
19844350,0,0
19844927,0,12
19844944,6,2
19846202,0,12
19849662,0,8
19849762,0,8
19852748,0,8
19857679,4,4
19857976,6,10
19858557,0,8
19859247,0,12
19859589,0,8
19865919,0,12
19871031,4,4
19876198,0,12
19876239,0,0
19877654,4,4
19882761,0,8
19885749,0,12
19886212,0,12
19886363,0,12
19886571,5,5
19886635,0,8
19887158,5,5
19891361,5,5
19892032,0,8
19896399,0,12
19903183,0,8
19903460,7,7
19904327,2,2
19904758,0,8
19904824,0,8
19905087,4,4
19905730,0,8
19908363,0,8
19915891,0,12
19916531,0,0
19917230,4,4
19917843,7,7
19921758,4,4
19922362,0,8
19922635,2,11
19935534,0,12
19935999,7,7
19937948,0,12
19938268,0,12
19941462,0,8
19952349,0,8
19955055,0,8
19956058,0,8
19980276,0,0
19981336,0,12
19981527,0,8
19982893,0,8
19983239,4,13
19986430,6,2
19992386,0,0
19999777,0,8
20000399,0,8
20005316,0,8
20013117,2,6
20015322,0,8
20015757,7,7
20019322,6,10
20026900,0,8
20032546,0,8
20033562,0,12
20041254,0,0
20042546,0,12
20057880,0,0
20058544,0,8
20059095,0,12
20063791,7,7
20064789,6,10
20064958,0,12
20077144,0,8
20082050,0,8
20082342,6,10
20083469,0,8
20083874,0,0
20091212,7,7
20092230,0,8
20092297,0,8
20093010,0,8
20093784,0,8
20106018,0,8
20106520,4,4
20107846,0,8
20111880,4,4
20112403,0,8
20112415,2,13
20112545,0,8
20117473,0,8
20119891,0,0
20120021,0,8
20120342,0,8
20120667,0,8
20121721,0,12
20122143,5,10
20123254,0,8
20124317,0,8
20134356,4,13
20134974,0,8
20135232,0,8
20136301,0,12
20137951,4,4
20139393,4,13
20140216,0,8
20148817,5,6
20150681,0,12
20150753,2,2
20169237,0,8
20169650,0,8
20169947,0,0
20170916,0,8
20171798,0,12
20178686,0,8
20182889,0,12
20183674,0,12
20186178,0,8
20190988,4,4
20193689,0,8
20193899,0,8
20194106,0,12
20194371,0,8
20194996,0,8
20196220,0,0
20196249,7,7
20196898,1,1
20197915,4,4
20197973,0,12
20198064,0,8
20199387,0,8
20203652,0,8
20207088,0,8
20208970,4,4
20210479,4,13
20210567,7,7
20221576,0,8
20222242,0,8
20222250,0,12
20225083,0,12
20228117,0,8
20236233,4,4
20236300,0,8
20236687,0,8
20237107,0,8
20237580,0,8
20237590,0,0
20238323,2,2
20240146,0,8
20248745,7,7
20251578,0,8
20253214,2,13
20261828,0,8
20262121,0,8
20262163,0,12
20271888,0,8
20281693,6,10
20292215,0,8
20292272,7,7
20324882,4,4
20326130,0,8
20326759,0,12
20326879,4,4
20329633,0,8
20333954,0,8
20343040,0,8
20350856,0,12
20352691,4,13
20353723,0,12
20354487,0,8
20354826,0,8
20355849,0,8
20356798,2,15
20356870,6,10
20368582,6,10
20370674,0,12
20371426,6,10
20385402,4,13
20386491,4,4
20386536,0,8
20386798,0,8
20390880,4,4
20399272,4,4
20400485,0,8
20402919,0,8
20418615,4,4
20429209,4,4
20429827,0,8
20430467,0,8
20431508,4,4
20432191,0,8
20441325,0,8
20443837,0,8
20444590,0,12
20445726,0,12
20453886,0,8
20454142,4,4
20455026,0,0
20455414,6,10
20461779,0,8
20467838,0,0
20468711,0,8
20469098,0,12
20469206,0,12
20472369,0,8
20480054,0,8
20481188,0,8
20481302,0,8
20482007,0,8
20482153,0,12
20482220,4,4
20482662,6,10
20483625,0,8
20495399,0,8
20496262,0,8
20496297,0,12
20508042,4,12
20509352,4,4
20519198,6,10
20519503,0,8
20519789,0,8
20521739,4,13
20522677,0,8
20522973,0,8
20527734,4,15
20531232,4,13
20531635,0,8
20533768,0,8
20546076,0,12
20546165,4,13
20548402,0,8
20548410,0,8
20557970,0,0
20558218,0,8
20558546,0,8
20558993,0,12
20559718,0,8
20562016,0,12
20570719,2,2
20570788,0,12
20571722,6,10
20572233,2,11
20572550,0,8
20572724,0,8
20572901,2,11
20573336,0,8
20579672,6,10
20579907,0,8
20579990,0,8
20582719,5,5
20584332,0,8
20584436,0,12
20584485,0,12
20585379,0,12
20585900,6,10
20587265,0,8
20590158,0,8
20594854,0,0
20595450,0,8
20596484,0,8
20596947,0,8
20597864,0,8
20599030,0,8
20599551,0,8
20604324,0,8
20614922,0,8
20615435,0,8
20618414,0,8
20645909,4,4
20646150,0,8
20647037,0,8
20647655,0,12
20647872,6,10
20648020,5,5
20648560,4,13
20649594,0,8
20660780,4,4
20671193,0,8
20671354,0,8
20671469,5,5
20671660,0,8
20671679,0,8
20673869,0,8
20674666,0,12
20681649,0,8
20682162,0,8
20690936,6,10
20706623,5,5
20715784,0,8
20716570,0,12
20717544,0,8
20729845,0,8
20730430,0,8
20741467,0,0
20742141,4,13
20742723,0,8
20753062,2,11
20753105,2,11
20753558,0,8
20755080,0,8
20764700,0,8
20764767,0,8
20765025,0,12
20765048,0,8
20767389,0,0
20768149,0,8
20775948,0,8
20778283,4,4
20787065,0,8
20787104,0,12
20788901,0,8
20800355,0,12
20802338,0,8
20803018,0,8
20803095,4,13
20813508,6,2
20813605,4,4
20823514,0,0
20823920,0,8
20824172,0,8
20824690,4,4
20824854,0,8
20825422,6,10
20826228,6,2
20826308,4,4
20834720,4,13
20835298,0,8
20845655,0,8
20845810,0,8
20846559,0,8
20847082,0,12
20849488,0,8
20852181,0,8
20852902,0,8
20856120,0,8
20856149,6,10
20856744,0,12
20856813,0,8
20857102,0,8
20857567,0,0
20858929,0,12
20859010,0,8
20859352,0,8
20859363,0,12
20859580,0,12
20859809,0,0
20866512,7,7
20869194,0,12
20869867,0,0
20870048,0,8
20871819,0,8
20871831,0,12
20872624,5,5
20872635,0,0
20884194,0,8
20885029,0,8
20885343,0,12
20886323,0,8
20886644,0,8
20890996,0,8
20897217,0,8
20897484,0,8
20898456,0,8
20898653,0,8
20899118,4,4
20899373,6,6
20899384,0,8
20899615,0,8
20900271,0,0
20910368,0,12
20910853,5,5
20911670,0,0
20912171,0,8
20912412,0,8
20914702,0,8
20915101,0,0
20946426,0,12
20947307,2,13
20947609,0,8
20947833,4,13
20949150,0,8
20949700,0,8
20950735,0,9
20960558,0,8
20961232,0,8
20963052,4,4
20963241,0,0
20964337,6,10
20973328,0,8
20973721,0,8
20974977,0,8
20975760,4,4
20981100,0,8
20985163,0,8
20985956,0,8
20988392,2,15
20993512,4,4
20996650,0,8
20998594,0,8
20998761,0,12
20999327,0,12
21005131,0,8
21007813,0,9
21008016,0,8
21008602,0,8
21010666,0,8
21011458,5,5
21011560,6,6
21011844,0,9
21012249,0,8
21027266,0,12
21027495,0,8
21028351,2,2
21028555,0,8
21028914,0,12
21029371,0,8
21030653,6,10
21031204,6,10
21039765,0,8
21040456,4,13
21040663,0,8
21041304,0,0
21055648,4,13
21056580,0,8
21056861,1,1
21057181,0,8
21058111,2,11
21064496,0,12
21067473,2,2
21068840,2,13
21069959,2,2
21070414,2,11
21084976,6,6
21095645,4,13
21095928,0,8
21096486,4,4
21096622,0,12
21096707,4,13
21097690,0,8
21100164,0,8
21106380,6,2
21106752,0,0
21107006,0,12
21107281,2,2
21107390,0,8
21110064,0,0
21118466,0,0
21120331,0,8
21121427,0,8
21122633,2,11
21126978,0,8
21130064,0,0
21130506,0,12
21130523,6,10
21130901,0,8
21131114,0,8
21131188,0,8
21131339,0,8
21131593,4,4
21132595,0,8
21139070,0,8
21141812,0,8
21141866,0,8
21143860,0,8
21144251,0,8
21145058,0,8
21145329,0,8
21157408,0,8
21157560,0,8
21157713,0,8
21157929,0,8
21158479,0,8
21158832,0,12
21159193,0,8
21159267,0,8
21159276,4,13
21159406,4,13
21159711,0,8
21159871,4,13
21160013,0,8
21160872,0,12
21161366,0,0
21172802,0,8
21174586,0,8
21174639,2,2
21180807,0,8
21184881,3,9
21187033,0,8
21187852,0,8
21191544,0,8
21205732,0,9
21206271,0,8
21209708,0,8
21210428,0,12
21210749,0,8
21211591,0,12
21249534,0,8
21250581,5,5
21262636,0,0
21262977,0,0
21263461,0,8
21266787,0,8
21279232,0,8
21280441,3,9
21280643,1,1
21291024,0,8
21292395,0,12
21298539,0,8
21301370,4,4
21303110,0,8
21303580,0,8
21306903,0,8
21313440,0,8
21314814,0,8
21314898,4,4
21315650,0,8
21316211,0,8
21316926,4,4
21327389,0,8
21327478,0,8
21327576,0,8
21327653,0,8
21327830,0,8
21328903,0,8
21329816,0,8
21341541,4,13
21341907,0,8
21341967,4,4
21342820,0,8
21343040,5,5
21343095,6,10
21354913,6,6
21355040,0,8
21363555,0,8
21366788,4,4
21367551,4,4
21367975,0,0
21368593,0,8
21368608,4,4
21368906,0,8
21368940,2,13
21369773,0,8
21379421,0,8
21379522,0,8
21379575,0,12
21381134,0,8
21381390,0,8
21383810,0,8
21390804,4,13
21394217,0,8
21394627,0,12
21394711,4,12
21395064,5,5
21395564,0,8
21395644,0,8
21396009,0,8
21396873,0,8
21397118,0,8
21397159,0,9
21406874,5,5
21408895,0,8
21409636,0,8
21415633,0,8
21420549,0,8
21420609,0,8
21420942,0,12
21421354,4,4
21421627,4,13
21426389,2,2
21427996,0,0
21428288,2,11
21431509,0,8
21431933,0,8
21432478,4,13
21432842,0,8
21433370,0,8
21433550,0,8
21434301,0,12
21434325,0,8
21437481,0,9
21440745,0,8
21444632,0,8
21444640,0,12
21446058,0,8
21448118,4,4
21448629,0,8
21448863,0,8
21457931,3,9
21458214,4,13
21458410,0,8
21459051,0,8
21459077,2,11
21459562,4,13
21459697,0,12
21461842,0,8
21470176,4,13
21470407,5,5
21470486,4,4
21471146,0,8
21472254,0,0
21472289,0,8
21481668,5,5
21485279,0,0
21486503,4,4
21486717,0,8
21487021,0,8
21488018,4,4
21488884,0,8
21498106,0,8
21498263,6,10
21498282,0,12
21498534,0,12
21499939,0,12
21499981,4,13
21500034,0,12
21500145,0,12
21511063,0,8
21511613,6,10
21512711,0,8
21514146,0,8
21514240,6,10
21518438,0,12
21526281,0,8
21526615,0,8
21526969,0,8
21527653,6,10
21527922,0,8
21538126,2,11
21541388,0,0
21542886,2,2
21543229,4,4
21543392,0,8
21545344,0,8
21545346,0,9
21545586,0,12
21546906,2,11
21576875,4,13
21577624,0,8
21579406,0,8
21579454,0,8
21579596,2,2
21579648,0,8
21580157,4,13
21580623,0,8
21592867,0,8
21593666,3,9
21594090,0,8
21594500,0,8
21594686,0,12
21594754,0,8
21595267,0,12
21595346,0,12
21595663,4,4
21595665,2,11
21597532,2,2
21597942,0,8
21600875,0,12
21602071,0,8
21605079,0,8
21605201,5,5
21606071,0,8
21606372,0,8
21606658,0,0
21606863,0,12
21606991,0,8
21607027,0,8
21608425,0,8
21608750,4,4
21615293,3,9
21615614,6,10
21615759,0,8
21619737,4,15
21619919,0,8
21621027,6,10
21621042,0,8
21621055,0,12
21621355,2,11
21621680,0,8
21621791,0,8
21622464,0,8
21626309,2,2
21628406,0,8
21628779,0,8
21628815,4,4
21628930,0,8
21629014,0,12
21629022,4,4
21629063,4,12
21629126,4,4
21629148,0,8
21629173,6,6
21633257,0,8
21633764,0,8
21633778,5,5
21633786,0,8
21633832,0,8
21634101,0,8
21634409,4,4
21634471,4,4
21634849,0,12
21635306,4,4
21635404,1,1
21635412,4,12
21635587,0,8
21635599,4,13
21635798,0,8
21636098,4,13
21636128,0,8
21636206,0,12
21636498,0,8
21636823,0,12
21636955,0,8
21641406,2,11
21643870,4,13
21645339,0,12
21645547,0,8
21648468,0,8
21648838,0,8
21648866,0,8
21649203,0,0
21649300,0,8
21649670,0,12
21650391,0,8
21650439,0,12
21650814,4,4
21650834,2,13
21650857,0,8
21650948,6,10
21651046,0,8
21651586,4,12
21651961,6,10
21652283,0,8
21652682,4,4
21652768,0,12
21652798,4,4
21652833,0,8
21652850,5,5
21653124,0,8
21653310,0,8
21658256,0,8
21658518,0,12
21658885,0,8
21659207,0,8
21661580,6,10
21661706,0,8
21662074,0,8
21665340,0,8
21665381,0,8
21665401,0,8
21665431,0,12
21665439,4,13
21665486,0,8
21665511,0,8
21665545,4,4
21665562,0,12
21665613,0,8
21665646,0,8
21665692,2,2
21665759,0,8
21665798,4,4
21666917,4,4
21667435,6,10
21667765,5,5
21667909,0,8
21668053,2,11
21668616,4,4
21668724,4,13
21668859,0,8
21669797,0,8
21669906,6,10
21670045,4,13
21670111,0,8
21670201,0,8
21670700,0,12
21671070,0,8
21671739,0,8
21674202,0,12
21674742,0,8
21675090,1,1
21679050,2,11
21679086,0,8
21679226,0,8
21679240,0,12
21683813,4,13
21684202,4,4
21684293,0,8
21684976,4,4
21685389,5,5
21685619,6,10
21685682,0,8
21685891,0,12
21685902,0,8
21686524,0,8
21686664,2,11
21686713,0,8
21686737,0,8
21687257,2,2
21687841,4,4
21690326,6,2
21696767,0,8
21696855,0,8
21696957,5,10
21700292,0,8
21700488,0,8
21700602,0,8
21700786,0,8
21700830,0,8
21700869,2,11
21700894,0,8
21701157,0,8
21701232,4,13
21701402,5,5
21702312,0,8
21702451,0,8
21702479,2,11
21702837,4,4
21702900,0,8
21703094,0,8
21703308,0,8
21704226,0,8
21704475,2,11
21705965,0,12
21707877,2,11
21709025,5,5
21709667,0,8
21709778,0,12
21710284,0,8
21710294,0,8
21710399,3,9
21710442,0,8
21710450,0,8
21714259,0,8
21714427,0,8
21714665,0,8
21714674,0,12
21714808,2,2
21715016,0,8
21715579,0,8
21715688,0,8
21715891,0,8
21716294,4,4
21716409,0,8
21716419,4,4
21716522,0,0
21716644,0,8
21716652,0,8
21716723,0,12
21717005,4,13
21717039,2,13
21717432,0,8
21717544,6,6
21719885,0,12
21722895,0,12
21724157,4,4
21726971,0,8
21727199,5,5
21727247,0,12
21730672,4,13
21730704,0,8
21730828,0,8
21731036,0,8
21731276,4,4
21731639,6,2
21731727,0,12
21731849,0,12
21732816,0,8
21733167,0,8
21733200,0,8
21733227,2,13
21733282,4,4
21733673,0,8
21733829,0,8
21734142,0,12
21734151,6,2
21734205,0,8
21734448,2,2
21734490,0,8
21734505,2,11
21734564,0,8
21734696,0,8
21736471,0,9
21737077,0,12
21737660,0,8
21737668,0,8
21737680,3,9
21740323,0,8
21741248,5,6
21741256,0,12
21741309,0,8
21741324,4,4
21741444,0,8
21744551,0,8
21744834,0,0
21744875,0,8
21744898,2,11
21744925,4,4
21744964,0,8
21744986,0,8
21745014,2,13
21745035,2,11
21745055,0,12
21745088,0,12
21745103,0,8
21745126,0,8
21745157,4,4
21745174,0,8
21745207,0,12
21745215,0,8
21745236,5,5
21745253,0,12
21745483,0,8
21745515,0,8
21746156,4,13
21746637,0,8
21747041,0,8
21747195,4,13
21747312,0,8
21747454,4,4
21747470,6,10
21747784,4,4
21748125,0,12
21748225,0,8
21748412,4,12
21748432,0,12
21748726,0,8
21748781,2,2
21748920,0,12
21749190,0,12
21750355,4,4
21751834,0,12
21753795,0,8
21754134,0,12
21754318,0,8
21754408,2,2
21754771,0,8
21754837,0,8
21754854,0,4
21754898,0,8
21754967,4,4
21754989,0,8
21758813,4,4
21758840,0,8
21758892,0,8
21762152,4,13
21762212,5,5
21762279,0,8
21762424,0,8
21762454,0,8
21762495,0,8
21762631,4,13
21762719,0,8
21762736,0,8
21762855,4,13
21762934,0,8
21763202,0,12
21763433,0,9
21763674,0,8
21763801,0,8
21763911,0,12
21763956,0,8
21764103,0,8
21764114,0,8
21764354,0,8
21764474,0,12
21764521,4,4
21764842,0,8
21765026,4,4
21765512,0,8
21765574,4,4
21765678,1,1
21766383,0,8
21768701,2,11
21772590,0,12
21772722,6,10
21776428,0,8
21776518,0,8
21776654,2,2
21777016,0,8
21777083,0,8
21777477,0,8
21777494,0,8
21777926,0,8
21778165,6,2
21778174,0,8
21778543,0,8
21779289,0,8
21779412,0,8
21779687,3,9
21779742,0,8
21779813,4,13
21779893,4,13
21779933,4,4
21779941,0,8
21780022,4,12
21780117,2,11
21780174,0,12
21780623,0,12
21783067,0,8
21786766,5,5
21790763,4,4
21790857,4,4
21790913,0,12
21791089,0,12
21791429,0,8
21791488,0,8
21791763,0,8
21791884,0,8
21791993,4,4
21792158,0,8
21792340,4,4
21792398,0,8
21792428,0,8
21792637,0,8
21792886,0,8
21793118,4,4
21793169,0,8
21793345,0,8
21793907,0,8
21794913,0,8
21794925,0,8
21799331,0,12
21800132,0,8
21800504,0,12
21800514,0,12
21800622,0,8
21804671,4,13
21805483,4,12
21805551,0,12
21805620,2,2
21806154,0,12
21806304,0,9
21806510,0,8
21806705,4,13
21806982,2,2
21807322,0,8
21807516,6,6
21807554,0,12
21807603,5,5
21807744,0,8
21808011,4,4
21811903,0,8
21812275,0,12
21812547,0,12
21814875,0,8
21816199,0,12
21819597,0,8
21819648,0,8
21819667,0,8
21819675,2,13
21819705,3,9
21819732,0,12
21819759,2,2
21819787,2,11
21819810,0,8
21819838,2,11
21819897,0,8
21819937,0,8
21819963,0,8
21819992,4,13
21820004,6,6
21820033,0,8
21820043,0,8
21820060,4,4
21820075,0,8
21820104,0,8
21820119,2,13
21820151,0,8
21820249,0,8
21820346,2,13
21820357,0,8
21820505,6,2
21820593,4,13
21820601,4,13
21821735,2,11
21821858,4,4
21821990,2,11
21822074,0,12
21822123,0,0
21822558,4,12
21822707,0,12
21823064,0,12
21823167,4,4
21823180,0,8
21823625,2,11
21823670,0,8
21823757,0,12
21823926,0,8
21824199,0,8
21824325,0,8
21824608,0,12
21824843,0,8
21824959,0,8
21825046,0,8
21828433,2,11
21828817,4,13
21828914,0,8
21829489,5,5
21829512,0,8
21830352,0,8
21837318,4,13
21837546,2,11
21837847,0,12
21838633,4,4
21838776,2,2
21839298,0,12
21839352,0,8
21839506,2,11
21839540,0,8
21839624,0,8
21839741,0,8
21839964,2,13
21840066,0,0
21840104,0,8
21840255,3,9
21840366,0,8
21840578,2,2
21840592,0,8
21840906,2,13
21841652,0,8
21843332,3,9
21847174,0,8
21847660,0,8
21847815,0,8
21847893,3,9
21851919,5,5
21852063,5,6
21852112,0,8
21852702,0,12
21852979,3,9
21853484,0,8
21853511,0,8
21853771,0,8
21853804,0,8
21853824,0,8
21854043,2,11
21854299,2,11
21854321,4,4
21854492,0,8
21856433,0,8
21856771,2,2
21858736,2,2
21858865,0,8
21862987,0,8
21863042,2,11
21863123,0,8
21863151,0,9
21867476,6,6
21867569,3,9
21867864,4,4
21868032,2,11
21868081,0,8
21868089,0,12
21868291,0,0
21868315,1,1
21868323,0,8
21868588,4,13
21868602,0,8
21868708,0,8
21869039,0,9
21869899,2,2
21870032,4,4
21870200,0,8
21870480,4,4
21870490,6,2
21870748,4,4
21871148,0,8
21876273,0,12
21878782,0,8
21879975,2,2
21880148,0,8
21886053,0,9
21886599,0,8
21886808,0,8
21886937,6,6
21887113,2,2
21887291,4,4
21887395,0,8
21887405,0,8
21887508,0,8
21887561,5,5
21887751,0,8
21887833,0,12
21887872,2,11
21888087,0,8
21888261,0,12
21888462,0,8
21888622,0,8
21889000,0,8
21889039,0,8
21889663,0,8
21922035,3,9
21922093,0,12
21922102,0,8
21922145,0,8
21922234,0,8
21922257,2,2
21922307,4,13
21922467,0,12
21922483,2,2
21922501,4,13
21922512,4,4
21923393,2,2
21926059,5,6
21926524,0,8
21926748,0,8
21926757,1,1
21926940,0,8
21927383,0,0
21942779,0,8
21943437,3,9
21943865,0,8
21944576,0,8
21944699,3,14
21945380,0,8
21952477,3,9
21957767,3,9
21957854,0,8
21957886,0,8
21959062,0,12
21959793,4,4
21961928,0,0
21970761,2,11
21971312,0,0
21971485,4,4
21972311,4,4
21972838,2,11
21973074,0,8
21973521,2,2
21975902,0,8
21976300,0,12
21980607,0,0
21984995,0,8
21985242,0,8
21985726,0,8
21985747,4,4
21986066,4,13
21987339,0,8
21987350,0,8
21987621,4,15
21987812,0,8
21988068,3,9
21994859,0,8
21994940,0,8
21998495,4,13
21998522,0,8
21998541,3,9
21998599,3,9
21998607,4,13
21998655,2,11
21998715,2,11
21998758,3,9
22000533,4,4
22000907,4,12
22001400,0,8
22001678,2,11
22001805,0,8
22002217,0,12
22003053,0,0
22004895,0,8
22020022,0,8
22020655,4,4
22020958,0,8
22021447,4,12
22022677,0,8
22023457,0,8
22023864,2,2
22024411,4,13
22024921,0,8
22025083,2,13
22027214,3,9
22031927,5,5
22036299,0,8
22036923,4,4
22037002,1,1
22037248,0,8
22038613,0,8
22038990,2,2
22039046,0,8
22039310,1,1
22053469,0,8
22053562,0,8
22053688,0,12
22053717,0,12
22053738,6,2
22053999,0,8
22054142,0,12
22054347,0,8
22054462,6,10
22054756,5,5
22055086,0,8
22055125,0,8
22055597,3,9
22055915,4,4
22056044,0,8
22056167,0,8
22056345,0,8
22056524,0,12
22057597,0,8
22058702,4,4
22065443,4,4
22069090,2,11
22069590,0,8
22069735,0,12
22069757,0,8
22069994,6,10
22070011,0,8
22070280,0,8
22070670,0,8
22070800,0,8
22071170,0,8
22071237,0,12
22071508,0,8
22071894,3,9
22072021,0,8
22072416,0,8
22072426,2,2
22072435,0,8
22072850,4,13
22073196,0,0
22073341,1,1
22073355,0,12
22073541,0,8
22073551,0,8
22073603,0,8
22073972,3,9
22085309,2,11
22085342,0,12
22085433,0,8
22085476,2,11
22085546,0,8
22085783,0,8
22085810,0,8
22085822,0,8
22085879,2,2
22085887,0,8
22085916,5,5
22086123,0,12
22086218,0,8
22086235,0,8
22086299,0,8
22086389,0,8
22086405,0,8
22086999,2,11
22087111,0,8
22088025,4,4
22088821,1,1
22088900,3,9
22089369,0,8
22089440,0,8
22089664,2,11
22089672,4,13
22089764,0,8
22091588,0,8
22091604,0,8
22094609,2,13
22094648,0,8
22095215,0,8
22099344,4,4
22103413,0,8
22103572,0,8
22104174,0,8
22104370,5,5
22104632,4,4
22104704,4,13
22104887,4,13
22105394,4,13
22105529,0,8
22105712,0,0
22106207,0,0
22106738,4,4
22114139,0,8
22114174,0,8
22118188,0,8
22118378,0,8
22118465,0,8
22118568,0,12
22118650,0,8
22119194,2,11
22119202,0,8
22119208,5,6
22119273,3,9
22119429,5,6
22119575,4,12
22119583,2,11
22119791,2,11
22119956,0,8
22119989,0,8
22120366,0,0
22120620,3,9
22120907,0,8
22121742,0,12
22123491,2,11
22128128,0,8
22133574,0,8
22133828,0,8
22133887,2,11
22134628,0,8
22134649,0,8
22134777,0,8
22135056,0,8
22135326,3,9
22135398,0,8
22135814,0,8
22135974,0,8
22136015,0,8
22136073,0,8
22136222,0,12
22136350,0,8
22136531,4,4
22137239,0,12
22137285,0,8
22137727,0,0
22140227,2,2
22140263,3,9
22144292,0,8
22148249,4,13
22148304,6,10
22148410,0,8
22148463,0,8
22148478,4,13
22148599,0,8
22149098,2,2
22149394,0,12
22149503,5,5
22149630,0,8
22149704,4,13
22150141,0,8
22150461,0,8
22150768,3,9
22150804,0,12
22150898,3,9
22150907,2,11
22151023,4,13
22151112,0,8
22151301,4,13
22151389,0,8
22151490,3,9
22151869,0,8
22152149,0,12
22152178,0,0
22152818,0,8
22154733,0,8
22159695,4,4
22163621,0,8
22163636,0,8
22163768,4,4
22163789,0,8
22163808,0,12
22163850,0,8
22164195,0,12
22164492,0,8
22164583,3,9
22164673,0,8
22165100,0,8
22165174,2,11
22165492,4,13
22165656,0,12
22165975,0,8
22166293,0,12
22166429,3,9
22166754,4,13
22166901,0,8
22169013,5,5
22169871,3,9
22170526,0,8
22174924,4,4
22174938,0,8
22178740,0,8
22178770,0,12
22178790,2,11
22178819,0,8
22178837,4,4
22178884,0,8
22178919,0,8
22179040,0,8
22179138,0,8
22179383,0,12
22179445,0,12
22179465,2,11
22179497,0,8
22179534,3,9
22179582,0,8
22179601,0,8
22179633,0,8
22179679,0,8
22179701,4,4
22179726,4,4
22179784,0,8
22179802,0,8
22179821,0,12
22179843,3,9
22179883,4,4
22179892,4,13
22179913,0,8
22180925,0,8
22181460,2,11
22181522,0,8
22181667,0,8
22181963,0,12
22182264,0,12
22182409,0,12
22182525,4,13
22182591,0,12
22182644,0,8
22182784,0,8
22183118,4,4
22183242,0,12
22183344,3,9
22183513,0,12
22183590,0,8
22183686,0,8
22184016,0,8
22184234,5,6
22184413,0,12
22184678,0,8
22184997,0,8
22185108,4,12
22185121,0,12
22185753,3,9
22188545,2,11
22193486,0,12
22194032,0,8
22194046,0,12
22194082,0,8
22199072,0,8
22199250,1,1
22199289,3,9
22199306,0,8
22199468,0,8
22199550,2,11
22199590,0,12
22199686,2,11
22199976,2,2
22200035,4,4
22200090,0,8
22200132,0,8
22200144,4,13
22200167,2,13
22200762,0,8
22200813,2,11
22200868,0,12
22200908,0,8
22200983,6,2
22200985,4,4
22201215,2,13
22201244,3,9
22201310,4,13
22201382,0,12
22201706,3,9
22201924,0,8
22202007,2,11
22202032,6,2
22202199,4,13
22202400,3,9
22202544,2,13
22202782,0,8
22203194,0,8
22203254,4,13
22203328,2,11
22203681,0,12
22203815,0,8
22204370,2,11
22204971,4,4
22207889,0,8
22210104,0,8
22210296,0,8
22211157,0,12
22211218,0,8
22214645,5,5
22214959,0,12
22219251,2,2
22219393,0,12
22219429,2,11
22219830,4,4
22220118,3,9
22220644,3,9
22221035,0,8
22221089,4,4
22221263,0,12
22221339,0,12
22221407,0,8
22221565,0,8
22221800,3,9
22221937,3,9
22222018,2,2
22222203,0,8
22222489,4,13
22222729,0,8
22222986,0,8
22223288,4,4
22223407,0,8
22223716,0,8
22223884,0,8
22223946,3,9
22224096,2,13
22224379,4,13
22224597,0,8
22224653,0,8
22224673,2,2
22224706,4,4
22224880,4,13
22224888,4,4
22225006,4,4
22225271,0,8
22225310,0,8
22225404,0,12
22226544,0,8
22233602,0,12
22233717,1,1
22245418,4,12
22245510,3,9
22245518,4,4
22245597,0,12
22245648,2,11
22245754,3,9
22245869,0,8
22246151,0,12
22246316,0,8
22246659,2,2
22246792,0,8
22246987,2,11
22247013,6,10
22247153,0,8
22247226,4,13
22247256,0,8
22247268,3,9
22247386,0,8
22247549,2,11
22247620,3,9
22247859,0,0
22247995,2,2
22248079,0,8
22248168,4,13
22248233,2,13
22250364,4,4
22250488,5,5
22250993,4,13
22251040,3,9
22251254,4,13
22251384,0,8
22251541,2,11
22251843,0,12
22251857,0,8
22252058,0,12
22252121,2,13
22252415,0,12
22252441,0,12
22252548,3,9
22252693,4,4
22252710,0,8
22252718,0,8
22252781,4,13
22253002,2,11
22253030,2,11
22253057,0,12
22253341,0,8
22253847,2,11
22254041,0,8
22254394,0,8
22259465,0,12
22259490,5,5
22263046,3,9
22289155,0,8
22289712,0,8
22289996,0,8
22290055,4,4
22290798,0,8
22290929,4,4
22291202,0,12
22291263,0,8
22291522,0,12
22295030,4,13
22303941,0,8
22304967,0,8
22305042,0,12
22305188,3,9
22305233,1,5
22305734,0,8
22305890,0,0
22306128,0,8
22308248,0,8
22318795,3,3
22319658,0,8
22320159,0,8
22320193,0,8
22320572,0,8
22321015,0,12
22321099,0,0
22321375,0,8
22321567,0,8
22321866,3,3
22322088,0,8
22322610,0,8
22323121,0,8
22325291,0,12
22325311,0,8
22325384,4,4
22325398,0,12
22325407,4,13
22333780,2,11
22333796,2,6
22333808,1,1
22333923,0,8
22334034,0,12
22334054,0,8
22334083,0,8
22335646,0,8
22336364,0,8
22336714,0,8
22337035,0,8
22337381,0,8
22337731,2,15
22338220,0,8
22338375,0,8
22351446,0,8
22351497,0,8
22351984,0,8
22352194,0,0
22352339,5,5
22352873,2,11
22353544,0,8
22354343,3,9
22355032,0,8
22355391,0,8
22362070,6,10
22367401,0,8
22368226,0,0
22368628,0,8
22369394,0,8
22369407,0,8
22370401,0,8
22371877,0,8
22379030,0,8
22384049,0,8
22384163,2,11
22385253,0,8
22385620,4,13
22386217,2,13
22386255,0,8
22386267,5,5
22386779,0,8
22386921,4,4
22387012,4,4
22387134,0,12
22387405,0,8
22387847,0,8
22387946,0,8
22390951,0,8
22399737,2,11
22399817,2,11
22399911,0,8
22400045,0,12
22400105,2,11
22400119,0,8
22400184,0,12
22400234,0,8
22400881,0,12
22401124,2,2
22401491,0,8
22401569,4,4
22401699,0,8
22401733,0,12
22401777,0,8
22401991,0,8
22402510,0,12
22403320,0,8
22407578,0,8
22407743,0,8
22407755,0,8
22408031,0,8
22409421,4,13
22420667,0,8
22421063,4,13
22421456,0,12
22421484,4,4
22422586,0,8
22422742,0,8
22422830,0,8
22422851,3,3
22423347,1,1
22423901,0,12
22424185,0,8
22424226,0,8
22424359,4,4
22425044,0,8
22431698,3,3
22439942,3,9
22440721,2,11
22441282,2,11
22441661,0,12
22442135,5,5
22442485,4,4
22443245,0,8
22443731,4,13
22443746,0,12
22443795,4,13
22443966,0,12
22445051,1,1
22450895,0,8
22452488,0,8
22457278,4,4
22457306,0,12
22458909,4,4
22459281,0,8
22459504,4,13
22459620,0,8
22461947,0,12
22465245,0,8
22467098,0,8
22467141,0,8
22471277,0,12
22472493,0,12
22472534,0,8
22472874,0,8
22472921,1,1
22473959,1,1
22474223,0,12
22474332,2,11
22474374,4,4
22475504,0,8
22482033,0,8
22482130,2,2
22482214,0,8
22482309,0,8
22482392,0,8
22489848,0,8
22489887,2,11
22489920,0,8
22489954,0,12
22490056,0,8
22490172,0,12
22490208,0,8
22490243,0,8
22490261,0,8
22490311,0,8
22491338,0,8
22491408,0,8
22491466,4,4
22491658,0,8
22491867,0,8
22492191,4,13
22492457,0,12
22492831,0,8
22493185,0,12
22493582,0,12
22494216,0,8
22494286,0,8
22494355,0,8
22495000,0,8
22501201,5,6
22501815,0,8
22502600,0,8
22507678,4,4
22507781,0,12
22508157,0,8
22508260,0,8
22508520,0,8
22508637,0,8
22508730,0,8
22508854,0,8
22508880,2,11
22508917,2,6
22509142,4,15
22509280,4,4
22509465,2,11
22509907,0,12
22510363,0,8
22510531,4,4
22510574,0,8
22512864,2,13
22513978,0,12
22517654,0,8
22517904,0,8
22518722,0,8
22523078,0,8
22524604,0,8
22524871,0,8
22524882,4,13
22524963,0,8
22525292,0,8
22525388,0,8
22525629,0,8
22525675,0,0
22525852,0,8
22525982,0,0
22526028,6,10
22526214,5,5
22526374,3,3
22526424,0,12
22526977,0,8
22530696,0,8
22534022,0,8
22538424,0,12
22538589,0,8
22538810,2,13
22538903,2,11
22539152,0,8
22539193,2,11
22539559,0,8
22539760,0,8
22539881,0,8
22540036,0,12
22540176,0,8
22540190,0,0
22540347,2,11
22540464,0,8
22540481,0,8
22541040,2,11
22541358,5,6
22541376,0,8
22541453,0,8
22541489,4,4
22542615,0,8
22545013,2,11
22548402,0,8
22554038,4,13
22554192,0,8
22554202,0,8
22554236,0,12
22554439,4,12
22554605,4,4
22554724,0,8
22554871,0,8
22554898,0,12
22554940,4,13
22554968,2,11
22555096,4,4
22555128,0,8
22555523,5,6
22556306,0,8
22556360,0,12
22556726,0,8
22557025,4,4
22557560,2,2
22560358,0,8
22560512,5,6
22569429,0,8
22569523,0,8
22569579,4,13
22569643,0,12
22569788,4,12
22569833,0,12
22569853,5,5
22569891,0,8
22569963,0,8
22569998,2,13
22570007,5,5
22570051,0,8
22570520,4,4
22572198,2,2
22572274,0,8
22573296,4,4
22573317,0,8
22574275,0,8
22575626,2,13
22575873,0,8
22575972,0,12
22576727,5,5
22577932,4,4
22581141,4,13
22591718,5,5
22591756,5,5
22592025,2,2
22592072,0,8
22592227,0,0
22592362,0,12
22593044,4,4
22593081,0,0
22593192,4,13
22593296,5,5
22593716,4,13
22593915,0,8
22593941,0,12
22593994,0,8
22594220,0,8
22594415,0,12
22594921,0,8
22595631,6,6
22605981,0,8
22606466,3,3
22606487,0,8
22606646,2,11
22606775,0,8
22606878,0,8
22606983,4,4
22606995,0,8
22607413,0,12
22607500,3,3
22607880,0,8
22608012,0,8
22608057,4,4
22608644,0,8
22608700,4,4
22609073,5,6
22609090,0,12
22609280,3,3
22609295,2,13
22609386,0,12
22612036,3,3
22612076,0,8
22615294,4,13
22615321,5,5
22616418,0,8
22616692,4,4
22616709,0,8
22616809,2,11
22620990,0,12
22621071,0,8
22621080,4,4
22621130,0,8
22621150,4,4
22623250,4,4
22623387,0,8
22623608,0,8
22626414,5,5
22626565,0,8
22626658,0,8
22626823,0,8
22626837,0,12
22627082,5,5
22627098,0,8
22627129,0,8
22630079,2,11
22630332,0,8
22630758,0,8
22630933,2,11
22630947,0,8
22631970,0,8
22632099,0,8
22632490,4,4
22632535,4,4
22632562,0,8
22632662,0,8
22632823,0,8
22632951,0,8
22633018,0,8
22633083,0,8
22633487,4,4
22633550,0,8
22634994,0,8
22635021,0,12
22638070,0,12
22638176,0,8
22638433,2,11
22670790,0,8
22672226,0,12
22672527,2,11
22672794,0,8
22673073,4,4
22673537,0,8
22673958,0,8
22674136,0,12
22674465,0,8
22674624,0,8
22674832,4,4
22674926,0,8
22675018,1,1
22675062,0,8
22675113,4,4
22675269,0,8
22676457,0,8
22677923,0,8
22686753,0,12
22686775,4,13
22686811,1,1
22686914,2,6
22686951,0,8
22687052,4,4
22687078,0,12
22687173,0,12
22687194,0,12
22687226,0,12
22687249,0,8
22687260,4,13
22687325,1,1
22687792,0,8
22687803,0,8
22688995,0,8
22689022,4,4
22689500,0,8
22689983,4,13
22691456,0,8
22697592,3,3
22705632,0,8
22705673,2,11
22705763,0,8
22705938,0,8
22706101,0,8
22706128,0,8
22706198,0,8
22706292,4,4
22706509,4,4
22706806,0,8
22706880,4,13
22707211,0,8
22707226,0,12
22708322,4,13
22708337,2,11
22708687,0,12
22708934,4,13
22709088,0,8
22709146,0,8
22709681,2,13
22709798,0,8
22711986,0,8
22718440,0,12
22718701,0,8
22718735,4,13
22718893,0,8
22720051,0,12
22720319,0,12
22720409,4,4
22720521,0,8
22720715,0,8
22721463,2,11
22721542,0,8
22721959,0,12
22722595,4,13
22728824,0,8
22733884,0,8
22734165,3,3
22734572,4,4
22734956,0,8
22734966,0,8
22735117,0,8
22735476,0,8
22735614,2,6
22736442,0,8
22736765,0,8
22737100,0,12
22737391,4,13
22740234,0,12
22741863,0,8
22746837,0,8
22751258,0,12
22751681,2,11
22751751,0,8
22751882,4,13
22751898,0,8
22752640,0,8
22752787,0,8
22752898,0,8
22753129,0,8
22753426,0,8
22753467,2,11
22753661,4,13
22753714,0,8
22753940,4,13
22753985,5,5
22754139,0,8
22754196,2,11
22754551,0,8
22755203,0,8
22755224,4,15
22755412,0,8
22755819,0,8
22756192,0,8
22768328,0,8
22768384,4,13
22768395,0,8
22768412,0,8
22768443,4,4
22768462,4,4
22768650,0,8
22768809,0,8
22768870,1,1
22769293,4,13
22769330,0,8
22769429,0,12
22769452,0,8
22769510,0,8
22769548,0,8
22770305,0,12
22770679,0,8
22770743,0,8
22771485,0,8
22771912,0,8
22772806,0,8
22773291,4,12
22774961,6,6
22775182,0,8
22775249,0,8
22777128,4,4
22778510,0,12
22780275,4,12
22780659,4,4
22789217,2,11
22789748,0,12
22789826,0,8
22790072,2,11
22790131,0,8
22790432,3,3
22790994,0,8
22791430,4,13
22791556,4,13
22791905,5,5
22792125,0,12
22792376,0,8
22792492,0,8
22792670,0,8
22792932,0,8
22793000,0,8
22793053,0,8
22793807,0,8
22793822,0,8
22793982,2,13
22794360,1,1
22796674,0,8
22797628,0,8
22810068,0,8
22810202,0,8
22810880,2,11
22810993,2,11
22811007,3,9
22811438,0,8
22811447,0,12
22811485,4,4
22812220,0,8
22812280,0,8
22812431,0,8
22812924,0,0
22813628,0,8
22818230,0,0
22819954,0,8
22821219,0,12
22825471,0,12
22825755,0,12
22825783,0,8
22825860,0,8
22825932,2,11
22825976,0,12
22826117,4,13
22826444,4,4
22826723,4,13
22826798,4,4
22827543,0,8
22827589,0,12
22827663,0,12
22827726,4,13
22827893,0,12
22828030,0,12
22828131,5,5
22828191,0,12
22828533,0,8
22828764,2,11
22829063,0,8
22829107,0,8
22829146,0,8
22829183,0,8
22829196,0,8
22829358,0,8
22829592,0,8
22829707,0,12
22829901,0,8
22830714,0,12
22833652,0,12
22836608,4,13
22837747,0,8
22837986,0,8
22838446,4,13
22842462,0,8
22842474,2,2
22842686,0,8
22842851,3,9
22843049,0,8
22843506,4,4
22843764,0,8
22844038,4,4
22844153,0,8
22844419,0,0
22844439,4,13
22844473,0,8
22844607,0,12
22845408,0,8
22845709,0,8
22845947,0,8
22845958,0,8
22846454,0,8
22847265,0,12
22848466,0,8
22854449,0,8
22855817,3,9
22860456,0,8
22860508,4,13
22860633,4,13
22860753,0,8
22861305,0,8
22861429,4,4
22861502,0,8
22862122,0,8
22862193,0,8
22862786,0,8
22863937,0,8
22864116,4,4
22865641,0,8
22866413,0,8
22866541,3,9
22866576,0,8
22868416,0,8
22869084,0,12
22875978,4,4
22876142,0,8
22876480,0,8
22877234,4,4
22877399,0,8
22878157,0,8
22879405,0,8
22879490,2,2
22880632,0,8
22891964,0,12
22892182,0,8
22892300,4,4
22892613,0,8
22892777,4,4
22892853,4,4
22893113,0,8
22893928,0,12
22893940,0,8
22893994,0,12
22894273,0,8
22894708,2,11
22895440,0,8
22895796,0,8
22895826,4,13
22895974,0,12
22896455,0,12
22898634,2,11
22898751,3,3
22898932,4,4
22899213,0,8
22899381,4,4
22900329,4,4
22908651,5,5
22908665,2,11
22908848,0,8
22909208,0,8
22909234,0,8
22909538,4,13
22909782,0,8
22909814,4,4
22910021,0,8
22910044,0,8
22910191,0,8
22910236,0,8
22910466,5,5
22910521,0,8
22910542,0,0
22911542,3,3
22911593,0,8
22912394,0,8
22912639,0,8
22912701,4,13
22916221,4,4
22916294,0,8
22921570,0,8
22921749,0,8
22921849,4,13
22922606,0,8
22922647,5,6
22923269,2,2
22923657,0,12
22923845,0,8
22923900,4,4
22924389,0,8
22924826,4,4
22925241,0,8
22926082,0,8
22926459,2,6
22926773,0,8
22929218,0,8
22932233,2,11
22932947,4,4
22938143,0,8
22938218,2,2
22938337,0,8
22938442,0,8
22938506,2,11
22938555,4,13
22938650,2,13
22938679,0,12
22938694,0,8
22938766,0,8
22938787,0,8
22938837,2,13
22939120,4,4
22939142,5,5
22939161,0,8
22939304,0,8
22940166,4,4
22941345,3,3
22942031,0,8
22942102,0,8
22942346,0,8
22942750,0,12
22942893,0,8
22943512,4,13
22943753,2,11
22947208,4,13
22947384,4,4
22948041,0,8
22948452,4,4
22948920,4,13
22959125,4,13
22959224,2,11
22960087,2,11
22960949,5,6
22962206,0,8
22962714,4,4
22963235,4,4
22963241,0,0
22964423,5,6
22968929,0,8
22980381,0,12
22981170,0,12
22982036,0,8
22982078,3,3
22982131,0,8
22982283,0,8
22983615,0,0
22984112,1,1
22984181,0,12
22984429,0,8
22984475,4,4
22984787,0,8
22985662,4,4
22986665,0,8
22986750,4,4
22986754,5,5
22986872,0,8
22986905,0,12
22989931,0,8
22990593,0,8
23004785,4,13
23004939,0,8
23005460,2,13
23005723,0,8
23005753,3,3
23005959,2,13
23005972,0,8
23006196,0,8
23006439,5,5
23006459,0,8
23006819,0,8
23006868,0,12
23007070,0,0
23007123,0,8
23007210,2,11
23007674,0,8
23007799,2,11
23007894,0,8
23008243,4,13
23008314,0,12
23010542,4,13
23010701,4,4
23011092,4,13
23011763,0,8
23012159,0,12
23015394,4,13
23015988,0,8
23016417,2,13
23016463,0,12
23016510,0,12
23016901,2,2
23016970,0,8
23018257,4,4
23018390,0,8
23058244,0,8
23058642,0,8
23059998,0,0
23060344,0,8
23065099,0,12
23079734,0,12
23080452,0,12
23081939,0,8
23082783,0,12
23083820,0,8
23084903,0,8
23092092,4,4
23100619,0,8
23101221,0,8
23101511,0,8
23101567,4,13
23101962,4,4
23103611,3,3
23108157,3,3
23116550,0,8
23117088,0,12
23117376,0,8
23117385,0,8
23117408,0,8
23117456,0,8
23117922,1,1
23117978,1,1
23118069,0,8
23118292,3,3
23118768,4,13
23119712,0,8
23120162,4,4
23120445,0,8
23121257,4,4
23121584,2,6
23121624,0,8
23124021,0,12
23124219,0,12
23124820,0,8
23125308,0,12
23125509,0,8
23132161,0,8
23133736,4,4
23134007,0,8
23134116,0,12
23134558,4,13
23137888,4,13
23138252,2,11
23138507,4,4
23139016,0,8
23139297,2,11
23144354,0,12
23155592,0,8
23155833,0,8
23156053,0,8
23156086,4,4
23156101,0,12
23156693,0,8
23156976,4,13
23157117,0,8
23157206,0,12
23158036,2,11
23159503,0,8
23160082,4,4
23160342,3,3
23160760,0,8
23161435,4,4
23161688,0,8
23162064,0,8
23165318,0,8
23167161,0,8
23169678,0,8
23170880,4,4
23180076,0,12
23180217,0,8
23180907,0,8
23181604,0,12
23182209,3,14
23182995,4,4
23183946,0,12
23187716,0,8
23192601,4,13
23192789,3,14
23201737,0,8
23202187,0,8
23202889,2,15
23204253,2,11
23205001,0,8
23205406,5,5
23206791,3,14
23211079,4,15
23221210,3,14
23221318,3,14
23221337,3,9
23222616,4,12
23222782,3,3
23222956,3,14
23223030,3,14
23223347,0,8
23223367,0,8
23223818,0,8
23223888,3,3
23224364,3,14
23224398,0,12
23228573,0,12
23230015,0,12
23230858,3,3
23242332,0,8
23242368,0,8
23242790,0,8
23243104,3,14
23243461,0,12
23243493,4,4
23244029,0,12
23244264,3,14
23244581,0,8
23244646,0,8
23245078,3,14
23246741,3,9
23247350,0,8
23247492,0,8
23247612,0,8
23247756,0,8
23250241,3,3
23251826,0,8
23255171,3,14
23256868,0,8
23262239,3,14
23262252,3,14
23262263,3,14
23262333,0,12
23262503,3,14
23262694,0,8
23262747,0,8
23262894,0,8
23262922,0,8
23262937,3,14
23263041,0,12
23263090,3,3
23263121,0,8
23263677,0,12
23263706,2,11
23263739,4,13
23264101,0,8
23264121,4,13
23265652,0,8
23265663,2,6
23266183,0,8
23266433,4,4
23267259,0,8
23268933,0,8
23269766,3,3
23270223,0,12
23275344,3,14
23276249,0,8
23277928,3,9
23287800,4,4
23287844,0,12
23288732,4,13
23289508,6,6
23290387,3,3
23290824,0,12
23291067,2,11
23291085,0,12
23291539,3,3
23292689,2,13
23292809,4,4
23293304,0,8
23293451,3,14
23295954,3,3
23299857,3,3
23300177,3,14
23306124,0,8
23306566,0,8
23306660,0,0
23306766,4,13
23306926,0,8
23307040,3,14
23307691,4,4
23307798,3,3
23309356,3,14
23309589,0,8
23310617,0,8
23310876,0,8
23310974,0,12
23311087,3,14
23311146,0,8
23311431,0,12
23311932,0,8
23313741,0,8
23314232,0,8
23319784,0,8
23326903,0,8
23327047,0,12
23327090,0,0
23327274,3,3
23327751,0,0
23327921,0,8
23328833,3,14
23328938,4,4
23328959,4,4
23329003,3,3
23329364,0,0
23330164,0,8
23330310,3,14
23330358,4,4
23334988,0,8
23335223,0,8
23335331,0,8
23335721,4,4
23341120,3,3
23343294,0,8
23343370,0,12
23348565,4,13
23348830,0,8
23348940,0,8
23349090,0,8
23349309,0,8
23349359,0,12
23349607,0,8
23349763,3,14
23349804,3,14
23350298,0,8
23350447,0,8
23350762,4,13
23350885,0,8
23351177,0,12
23351214,0,8
23351908,3,14
23352799,3,14
23353318,0,8
23353427,4,12
23354085,0,8
23354222,4,4
23357385,0,8
23359858,3,9
23360653,0,8
23361843,3,14
23366218,3,14
23371229,4,4
23371243,2,2
23371335,0,12
23371367,4,4
23371420,4,4
23371481,3,14
23371533,3,14
23371575,3,14
23371688,2,11
23371716,0,8
23371987,4,4
23371998,4,13
23372148,4,13
23372553,0,12
23372838,0,12
23373978,3,3
23375431,0,8
23375590,4,4
23375743,0,8
23375933,3,14
23376362,3,14
23377398,3,14
23379028,4,13
23379478,4,4
23394502,3,3
23395820,0,8
23396069,3,3
23396837,0,12
23397198,3,14
23397389,0,8
23397441,0,8
23397641,3,3
23397731,0,8
23397746,3,14
23398128,3,14
23402063,0,8
23403049,0,8
23403505,0,8
23417326,0,12
23417645,0,8
23417898,0,8
23417947,3,14
23417964,0,8
23419034,0,9
23419551,0,8
23419597,3,14
23419670,4,4
23419716,0,8
23420592,3,3
23421698,4,4
23421932,0,12
23422290,0,12
23424265,3,3
23427592,0,8
23429402,3,3
23429453,0,8
23437688,3,14
23437707,3,14
23437774,4,4
23438174,0,8
23438934,0,8
23439292,0,12
23440146,0,8
23440225,0,12
23441604,0,8
23441799,3,3
23442162,3,14
23442473,4,4
23442631,4,12
23443112,0,8
23443220,3,14
23443556,0,8
23443829,4,13
23446035,4,13
23448654,0,8
23450207,3,14
23461448,3,14
23461506,0,8
23461695,4,15
23461740,4,4
23461803,2,15
23461982,3,14
23462169,4,4
23462310,0,8
23462506,0,0
23462873,3,3
23462881,0,8
23463201,3,14
23463974,0,8
23464021,3,14
23464499,3,14
23464595,2,11
23467100,0,8
23468310,4,15
23468670,3,14
23473441,3,14
23474230,3,3
23475037,5,5
23511136,4,4
23511165,0,8
23511185,0,8
23511195,3,14
23511261,0,12
23511324,4,4
23511379,0,8
23511424,0,8
23511475,0,8
23511485,0,8
23511538,5,6
23511568,0,8
23511579,3,14
23511777,3,14
23511829,4,4
23512106,0,8
23512132,3,14
23512168,0,12
23512192,0,12
23512244,3,14
23512313,1,1
23512427,0,12
23514552,2,2
23514591,0,12
23514735,0,8
23515162,3,3
23515328,0,8
23516695,4,4
23518117,4,4
23518450,3,14
23520602,2,13
23528843,0,12
23536027,0,0
23536698,0,8
23537052,4,4
23538061,0,8
23538206,3,14
23538765,0,8
23538981,0,8
23539839,3,3
23545113,0,8
23554296,0,8
23554306,0,8
23554961,0,12
23555021,0,8
23555070,3,14
23555798,0,12
23556126,4,4
23556174,0,8
23558215,0,8
23558720,0,8
23559497,2,11
23561730,3,14
23565531,4,13
23565872,0,12
23568447,1,1
23577922,0,0
23579553,0,8
23580248,3,3
23583200,3,3
23599942,0,12
23601317,4,13
23602211,4,4
23602876,0,8
23621460,0,8
23627943,0,8
23627987,0,12
23628089,0,8
23628226,4,12
23628276,0,12
23628346,3,14
23628426,0,8
23628439,0,8
23629008,0,12
23629188,0,8
23629281,3,14
23629440,0,8
23629459,2,11
23630915,3,3
23631068,3,3
23631330,3,14
23631688,0,8
23632735,0,8
23635258,3,3
23639936,3,9
23640941,0,8
23641362,0,8
23641482,0,8
23653914,0,8
23654409,4,13
23655214,0,8
23655363,2,6
23655621,0,8
23655694,0,8
23657423,3,14
23657840,4,13
23659431,3,14
23659440,0,12
23670816,3,14
23678837,5,5
23679472,0,8
23681922,3,9
23682326,3,14
23684414,3,14
23684888,1,1
23688005,0,8
23688409,1,1
23693856,0,8
23694034,3,3
23700148,0,8
23700661,0,8
23700679,0,8
23701132,3,3
23701195,2,11
23701437,0,12
23702451,3,3
23702506,0,8
23704079,0,8
23705349,4,13
23705484,4,4
23705584,0,8
23714188,3,3
23720169,0,8
23720678,3,14
23721375,0,8
23722094,0,12
23724046,0,8
23724515,3,14
23725773,0,0
23739342,3,14
23739356,0,8
23739874,3,14
23740101,3,14
23740133,0,8
23740701,3,14
23740798,3,3
23740910,3,14
23740931,4,4
23742502,0,8
23742593,0,8
23742606,3,3
23743876,3,3
23744315,0,8
23744888,0,8
23746326,0,12
23748619,3,14
23748858,0,8
23749242,0,12
23752703,0,8
23757930,4,4
23765373,3,3
23765688,3,14
23767010,0,12
23767033,3,14
23767718,0,8
23769468,0,8
23770246,4,4
23770720,3,14
23775576,0,8
23776037,0,8
23777719,0,12
23778191,3,14
23778693,0,8
23784975,3,3
23785287,0,8
23785575,0,9
23785693,0,12
23786559,0,8
23786591,3,3
23786604,0,8
23787140,0,8
23787706,0,8
23787949,0,8
23788247,0,8
23788350,3,3
23788376,0,12
23795445,0,8
23797517,0,8
23797584,0,8
23803089,3,14
23803328,0,12
23803737,3,3
23806251,0,8
23807896,3,14
23808128,0,8
23815847,3,3
23821493,0,8
23821759,0,8
23821839,0,8
23821864,0,12
23822483,2,11
23824120,0,8
23824766,0,8
23828698,0,8
23832700,0,8
23835687,0,8
23835887,0,8
23844927,0,8
23845286,3,14
23845409,0,8
23845561,4,4
23848430,3,3
23852448,0,8
23855095,3,3
23867845,0,12
23868888,0,8
23869996,3,3
23870057,0,0
23870318,0,8
23870441,0,8
23870471,0,8
23870514,3,3
23870638,0,8
23870811,0,8
23871806,0,8
23875891,3,14
23888256,0,8
23888975,3,3
23889896,0,8
23891702,3,14
23899325,3,14
23905585,0,8
23906022,0,8
23906069,3,14
23906470,3,14
23906894,2,13
23911167,0,8
23911208,0,8
23911262,3,14
23913700,3,3
23914160,3,3
23914478,3,14
23917670,2,6
23925570,0,8
23925768,3,9
23926543,2,11
23926726,0,12
23927181,3,14
23927371,0,8
23927678,0,8
23927779,0,8
23929076,5,5
23932482,0,8
23932955,3,14
23936766,0,8
23939899,0,8
23945933,0,8
23946447,0,12
23946494,4,13
23946508,3,14
23946528,3,14
23946541,3,14
23948740,3,3
23949320,5,6
23949356,0,8
23949519,3,3
23949580,0,8
23950128,4,4
23952190,0,12
23953302,0,12
23953390,4,4
23958085,0,8
23963510,0,8
23971566,3,14
23972439,3,14
23973041,3,3
23973537,0,0
23974921,3,3
23975444,3,14
23975463,0,8
23978241,3,14
23978687,3,14
23987292,3,14
23989213,0,8
24024106,1,1
24050167,1,1
24141590,2,15
24328614,1,1
24708383,1,1
24770253,1,1
