CONTRACT_ID,sdtw_km,dba_km,km,gak_km,ks
17228104,7,7,2,0,2
17237409,5,5,1,0,0
17276280,5,5,1,0,0
17282809,5,5,2,0,4
17283247,5,5,1,5,0
17294333,3,3,1,3,1
17306398,5,5,4,1,4
17320168,2,3,3,6,7
17324117,4,2,2,6,6
17343042,2,7,1,3,6
17361127,1,1,1,5,0
17380290,7,7,1,7,6
17380435,2,7,1,5,4
17440098,5,5,1,0,0
17440159,5,5,1,0,0
17441336,3,3,1,5,7
17451043,4,2,2,6,6
17453460,1,1,1,5,0
17457275,5,5,1,0,0
17457499,3,3,1,7,7
17464703,4,2,2,6,6
17469653,3,7,1,5,5
17471524,3,3,2,7,1
17480620,5,5,1,0,0
17482944,1,1,1,5,0
17486396,1,1,1,5,0
17487145,2,7,7,1,2
17487154,5,5,2,0,4
17496736,5,5,1,0,4
17515338,0,4,0,2,4
17519015,7,7,1,0,0
17526637,2,2,1,6,5
17527642,5,7,1,0,0
17534386,2,7,1,5,1
17539543,5,5,1,0,0
17540012,6,6,6,2,3
17543478,5,5,1,0,0
17547601,1,1,1,5,0
17549778,3,3,1,5,7
17550256,1,1,1,5,0
17551572,5,5,4,1,4
17556467,7,7,1,0,0
17565285,5,5,1,0,0
17566489,0,4,0,2,4
17583019,2,7,1,0,2
17596058,3,3,1,5,7
17600051,5,5,1,0,4
17605180,3,7,1,5,7
17612130,2,2,4,6,6
17614909,2,3,1,5,7
17614995,3,3,1,7,1
17615741,3,3,2,7,6
17615965,5,5,1,0,4
17616155,4,2,4,4,6
17616223,5,5,7,1,4
17617121,5,5,0,0,4
17619665,2,7,2,6,6
17620492,1,1,1,5,0
17620542,5,5,1,0,3
17630865,3,3,1,5,7
17635143,1,1,1,5,0
17643174,1,1,1,5,0
17643189,7,7,4,4,5
17645359,5,5,2,0,4
17648386,3,0,3,3,5
17648448,2,7,1,1,2
17648985,3,3,1,5,7
17652337,2,7,5,1,4
17653775,1,1,1,5,0
17656550,1,1,1,5,0
17657283,2,5,1,5,0
17658637,7,7,1,6,5
17664447,7,7,1,6,5
17666541,3,3,1,7,7
17669732,0,4,0,2,4
17670028,5,5,1,0,4
17670249,5,5,1,0,4
17676552,6,6,6,4,3
17699612,5,7,1,0,0
17700846,0,4,0,2,4
17701738,7,7,5,1,2
17705211,5,5,1,0,0
17712533,5,5,1,0,0
17713743,1,1,1,5,0
17718361,3,3,1,0,7
17718710,3,3,7,1,4
17720131,0,0,0,3,7
17723600,1,1,1,5,0
17723740,5,5,1,0,0
17725882,3,0,3,3,3
17730318,1,1,1,5,0
17730660,5,5,1,0,0
17731914,5,5,2,0,4
17732851,7,7,1,0,3
17738727,3,3,1,5,7
17739962,3,3,1,7,7
17741051,2,7,1,5,0
17749040,5,5,1,0,0
17751775,0,4,0,2,4
17752110,1,1,1,5,0
17752306,7,5,1,0,3
17752354,1,1,1,7,6
17753422,3,3,1,5,7
17753521,4,2,2,6,6
17753585,1,1,1,5,0
17753971,5,5,1,0,3
17757281,2,7,7,7,4
17761923,0,4,0,2,3
17764004,2,7,2,6,6
17764233,5,5,5,1,4
17764554,5,5,1,5,0
17766028,1,1,1,5,0
17766425,0,0,0,3,4
17766973,2,7,3,4,4
17771113,2,7,1,0,2
17777713,2,7,1,1,5
17778913,0,4,0,2,0
17780202,5,5,1,0,0
17787483,1,1,1,5,0
17790411,0,4,0,2,4
17790745,0,4,0,2,3
17793790,6,4,6,4,3
17794613,3,3,1,7,1
17795930,5,5,1,0,0
17807552,3,3,1,7,7
17807627,1,1,1,5,0
17818042,4,2,6,4,6
17823447,5,5,1,0,0
17831388,1,1,1,5,0
17832542,3,3,1,7,7
17833164,5,5,1,0,0
17833576,5,5,1,0,0
17837263,1,1,1,5,0
17837393,0,0,0,3,4
17837605,3,3,1,7,7
17837693,0,4,0,2,3
17846477,0,4,0,2,4
17847232,3,3,5,7,7
17858932,2,7,2,6,2
17865751,5,5,1,0,0
17868087,1,1,1,5,0
17868575,1,1,1,5,0
17873318,3,4,0,2,1
17875431,0,4,0,2,3
17875766,3,3,1,7,7
17875956,5,5,5,1,4
17877004,7,7,1,0,2
17881063,4,2,2,6,7
17881696,5,5,1,0,4
17885916,2,7,1,0,2
17885925,5,5,2,0,4
17888981,5,5,1,0,0
17892768,5,5,1,0,4
17892786,5,5,1,0,3
17893076,7,7,5,1,2
17893350,2,7,5,6,2
17893735,0,0,0,3,7
17894815,1,1,1,6,6
17902383,1,1,1,5,0
17906580,1,1,1,5,0
17917096,5,5,1,0,0
17921549,5,5,1,0,4
17922714,0,4,0,2,4
17929602,2,7,0,2,4
17929957,5,5,1,0,0
17930007,2,5,1,0,4
17930051,1,1,1,5,0
17930450,1,1,1,5,0
17930992,1,1,1,5,0
17932134,2,7,6,4,5
17933076,1,1,1,5,0
17935505,2,7,1,7,5
17942183,4,2,2,6,6
17942324,3,3,3,5,1
17946592,0,0,0,3,7
17946710,5,5,1,0,0
17947345,1,1,1,5,0
17949541,1,1,1,5,0
17954354,1,1,1,5,0
17964148,3,3,5,7,7
17964261,6,6,6,2,3
17965290,3,3,3,7,7
17966884,3,0,3,3,5
17966968,1,1,1,5,0
17967411,1,1,1,3,6
17971689,1,1,1,5,0
17998711,3,3,1,5,7
17998889,2,7,2,1,3
18004363,3,3,1,5,1
18006087,5,5,1,0,0
18006484,5,5,1,0,4
18011168,5,5,2,0,4
18012860,5,5,1,0,0
18022792,1,1,1,5,0
18023574,5,5,1,0,0
18024063,1,2,1,3,1
18028044,2,7,2,6,6
18036861,3,3,1,7,7
18038381,5,5,1,0,4
18060399,2,5,1,0,0
18065296,5,5,1,0,0
18066005,6,0,6,4,2
18076676,3,3,1,7,1
18079081,2,2,4,6,6
18080520,1,1,1,5,0
18087995,7,7,1,0,2
18088562,2,7,1,5,4
18089303,5,5,1,0,0
18089806,4,2,2,6,2
18093351,0,4,0,3,0
18096537,4,4,6,2,3
18101161,5,5,2,0,4
18101678,0,4,0,2,4
18104875,1,1,1,5,0
18105543,4,2,4,6,6
18112504,2,7,1,0,2
18116414,1,1,1,5,0
18116969,4,2,2,6,4
18124482,6,6,1,3,1
18124755,1,1,1,5,0
18129964,5,5,1,0,0
18130215,1,1,1,5,0
18144305,1,1,1,5,0
18146036,5,5,1,0,4
18146307,5,5,1,0,0
18146522,5,5,1,0,0
18158382,2,5,1,0,4
18160997,1,1,1,5,0
18172775,4,2,2,6,6
18176135,1,1,1,5,0
18176195,1,1,1,5,0
18188257,1,1,1,5,0
18197928,2,7,1,0,4
18198196,5,5,1,0,0
18198241,5,5,1,0,2
18198254,5,5,1,0,4
18201573,7,7,2,0,3
18215794,1,1,1,5,0
18216069,2,5,1,5,4
18226596,1,1,1,5,0
18226763,1,1,1,5,0
18227420,2,2,2,6,3
18227846,0,4,0,2,4
18230178,5,7,1,0,0
18231122,1,1,2,1,1
18238357,1,1,1,5,0
18255230,2,7,1,0,3
18272478,3,3,1,7,7
18283819,2,7,1,0,0
18290917,0,0,0,2,4
18326604,3,3,1,5,1
18330963,5,5,1,0,0
18336002,1,1,1,5,0
18342794,6,7,6,6,5
18343157,4,4,0,2,3
18343169,5,5,1,0,4
18343453,3,3,1,5,7
18344232,5,5,1,0,0
18350399,5,5,0,0,0
18365644,2,7,1,0,4
18376964,1,1,1,5,0
18379032,2,2,2,6,6
18379214,3,3,1,7,1
18380887,2,7,5,5,4
18383569,5,5,1,0,0
18384207,6,6,6,4,6
18388889,5,5,1,0,0
18391406,7,7,2,0,2
18391849,2,5,6,6,3
18392463,7,7,1,7,6
18392611,0,4,0,2,0
18394719,2,7,4,1,2
18395245,2,7,1,0,0
18397223,5,5,1,0,0
18408068,0,4,0,2,3
18409061,3,3,2,5,7
18412604,0,4,0,2,4
18418540,5,5,1,0,4
18419840,4,2,4,6,6
18419871,3,3,1,5,3
18423038,1,1,1,5,0
18424050,1,1,1,5,0
18424155,3,3,1,7,7
18429253,1,1,1,5,0
18437511,4,2,2,6,6
18438235,5,5,1,0,0
18441939,3,3,1,5,1
18461503,4,2,4,6,6
18461672,7,7,5,1,3
18472327,1,1,1,5,0
18473289,2,5,1,7,4
18474014,3,3,1,7,1
18477690,2,5,1,0,4
18479474,1,1,1,5,0
18481416,2,7,1,3,6
18489331,5,5,1,0,0
18493540,5,5,1,0,0
18501547,7,7,1,0,5
18509495,5,5,2,0,4
18515171,4,2,2,6,6
18516593,0,4,0,2,4
18520024,3,3,1,5,7
18520078,2,7,1,7,5
18520282,2,7,1,6,6
18520760,5,5,1,0,0
18523214,2,7,1,5,7
18528191,5,5,1,0,0
18531585,3,3,1,7,7
18531913,0,0,3,3,7
18538810,1,1,1,5,0
18540871,0,4,0,2,4
18547871,0,4,0,2,2
18548125,0,4,0,2,4
18548203,0,4,0,2,4
18550579,5,5,1,0,0
18957144,0,0,0,3,7
18976126,2,7,1,0,3
18976950,0,4,0,3,0
18978497,7,7,1,0,2
18978863,2,7,1,0,2
18981268,3,3,1,7,1
18983612,5,5,1,0,4
18992338,2,2,2,6,6
18997386,2,7,1,0,4
19032567,0,4,0,2,4
19033725,2,5,1,3,3
19034376,3,3,0,3,7
19041262,6,4,6,2,3
19046068,5,5,1,0,0
19047630,1,1,1,5,0
19048294,0,4,0,2,3
19048385,3,3,3,7,7
19049596,0,0,0,3,7
19052045,5,5,5,1,4
19057049,2,2,2,6,4
19057184,1,1,1,5,0
19069551,1,1,1,5,0
19069778,1,1,1,5,0
19071316,0,4,0,2,4
19071709,2,5,1,3,4
19075967,5,5,1,0,0
19083105,2,7,1,0,3
19089072,6,6,4,4,6
19089449,1,1,1,5,0
19089527,5,5,1,0,4
19096860,5,5,2,0,4
19098525,1,1,1,5,0
19103224,1,1,1,5,0
19111969,2,7,1,0,5
19129856,2,4,0,2,4
19134561,5,5,7,1,3
19141078,5,5,2,0,0
19142515,0,0,0,3,4
19143292,0,4,0,2,4
19143561,5,5,2,0,2
19143736,3,3,1,7,7
19143849,2,7,1,0,2
19144580,1,1,1,5,0
19145074,0,4,0,3,0
19147469,6,4,6,2,3
19151908,3,0,0,3,7
19151922,0,4,0,2,4
19152460,2,7,1,0,6
19152663,5,5,1,0,0
19153770,1,1,1,5,0
19157621,0,0,0,3,7
19158162,4,2,2,6,6
19162644,3,3,5,3,7
19162681,3,0,3,3,7
19165435,1,1,1,5,0
19165487,0,4,0,2,4
19167110,0,4,0,2,4
19169474,6,6,6,4,2
19177954,7,7,1,0,5
19188395,7,7,2,1,2
19190077,4,0,0,4,4
19191763,5,5,2,0,4
19192177,3,3,5,7,7
19200294,4,2,2,6,6
19200753,0,0,0,3,4
19201748,1,1,1,5,0
19202173,5,5,7,1,4
19205642,7,7,1,0,0
19205880,5,5,1,0,0
19209216,2,5,1,0,4
19213710,1,1,1,5,0
19213727,0,0,0,3,7
19215838,5,5,7,1,0
19215878,4,2,4,6,6
19216018,1,1,1,5,0
19216824,2,7,1,3,6
19217314,1,1,1,3,6
19219562,1,2,1,3,6
19220748,6,6,6,4,5
19221977,4,4,4,2,4
19221995,3,3,1,1,1
19222524,5,5,1,0,0
19234542,1,1,1,5,0
19235120,3,3,1,5,6
19235315,3,3,6,2,1
19237541,5,5,1,0,0
19242743,0,0,0,3,4
19242827,5,5,1,0,0
19242856,3,3,5,7,1
19243406,5,5,1,0,0
19243850,4,2,2,3,6
19244882,5,5,7,1,4
19256083,6,6,6,4,2
19256784,5,5,1,0,0
19257284,3,3,4,7,7
19261285,0,0,0,3,7
19261329,6,6,6,4,3
19262435,1,1,1,5,0
19268342,2,7,1,0,4
19274983,5,5,1,0,0
19275081,5,5,1,0,0
19276817,5,5,1,0,4
19277298,1,1,1,5,0
19278342,3,3,1,7,7
19278457,3,3,4,7,7
19282984,1,1,1,5,0
19286171,5,5,1,0,0
19286330,1,1,1,5,0
19286364,1,1,1,5,0
19286413,5,5,1,0,0
19286434,7,2,5,6,3
19286615,2,5,1,0,5
19286828,2,7,7,7,4
19287020,2,7,2,1,2
19287938,3,0,0,3,7
19288206,1,1,1,5,0
19290848,2,7,7,0,4
19291773,3,3,1,7,7
19291850,5,5,1,0,4
19292182,3,3,1,7,7
19292459,2,7,0,2,3
19293038,0,0,0,3,7
19302646,3,3,1,7,1
19302663,1,1,1,5,0
19304289,5,5,1,0,0
19304650,0,0,0,3,7
19305221,5,5,1,0,0
19306530,2,7,1,0,2
19309429,4,2,6,6,2
19309605,2,7,2,1,2
19309794,5,5,1,0,0
19311801,5,5,1,0,0
19313839,3,3,1,5,7
19313912,5,5,1,0,4
19314648,3,3,0,2,7
19314790,1,1,1,5,0
19333429,3,3,1,7,7
19335358,1,1,1,5,0
19347742,3,3,1,5,7
19348234,3,3,4,7,7
19348911,7,7,1,7,6
19350832,1,1,1,5,0
19351122,2,2,3,6,5
19352151,0,4,0,2,4
19358905,5,5,1,0,0
19358994,2,2,2,6,6
19359016,1,1,1,5,0
19359078,3,3,1,7,1
19359148,4,2,2,6,6
19359901,2,7,2,5,5
19360442,2,7,1,6,3
19360589,7,7,1,0,5
19361624,6,4,6,2,3
19361865,6,6,6,2,3
19362319,3,3,3,3,5
19362885,1,1,1,5,0
19363139,5,5,2,0,4
19363501,6,6,6,4,2
19370303,1,1,1,5,0
19370887,2,7,1,0,2
19370927,3,3,6,7,7
19370991,5,5,1,0,4
19371366,0,4,0,2,4
19371488,1,1,1,5,0
19372923,5,5,2,0,4
19374064,3,0,0,3,7
19374397,4,6,6,4,6
19374478,1,1,1,5,0
19374786,3,3,5,7,7
19382203,1,1,1,5,0
19382532,0,4,0,2,4
19383042,0,4,0,2,4
19383157,6,4,6,2,3
19383431,1,1,1,5,0
19383781,2,7,1,0,2
19384015,5,5,1,0,0
19384133,0,4,0,2,4
19384210,5,5,1,0,0
19384795,1,1,1,5,0
19384882,2,5,1,0,4
19385005,6,6,6,4,3
19385511,7,7,1,0,3
19388191,5,5,1,0,4
19389058,0,0,0,3,7
19393886,3,3,1,5,7
19396307,1,1,1,5,0
19397262,5,5,1,0,4
19403337,1,1,1,5,0
19406140,5,5,1,0,4
19411993,5,5,1,0,4
19412196,5,5,1,0,0
19412690,6,4,6,2,3
19413133,7,7,1,0,5
19413980,1,1,1,5,0
19417126,4,2,2,6,6
19419878,1,1,1,5,0
19428813,3,0,0,3,7
19429201,1,1,1,5,0
19430519,4,2,2,6,6
19431381,0,0,0,3,7
19440953,4,2,0,6,5
19441319,0,4,0,2,4
19444359,3,3,1,5,7
19446071,6,6,6,2,3
19449763,2,7,1,7,6
19457166,5,5,2,0,4
19457689,2,7,1,6,6
19459600,3,3,1,5,7
19459692,3,3,5,7,7
19460636,3,3,7,7,4
19462501,3,3,3,7,7
19463275,1,1,1,5,0
19463418,5,5,1,0,0
19465025,3,3,1,7,7
19473049,3,3,2,7,1
19473417,7,7,1,0,6
19473820,2,7,2,6,3
19473957,1,1,1,5,0
19474021,4,2,4,6,6
19474587,1,1,1,5,0
19477314,5,5,5,1,4
19477476,1,1,1,5,0
19477602,4,2,2,6,6
19487631,5,5,1,0,0
19495530,5,5,7,1,4
19495616,1,1,1,5,0
19496008,2,2,2,3,6
19498253,3,3,1,5,7
19499225,5,5,4,1,3
19500317,3,3,1,7,7
19503054,3,3,3,3,7
19503075,0,0,0,3,7
19503130,1,1,1,5,0
19503148,3,3,1,7,7
19503301,1,1,1,5,0
19503812,4,2,2,6,5
19504032,1,1,1,5,0
19504757,3,3,4,7,1
19504803,5,5,1,0,0
19505238,1,1,1,5,0
19505310,1,1,1,5,0
19505572,5,5,1,0,0
19509263,0,0,0,3,7
19510204,1,1,1,5,0
19510959,2,7,1,6,3
19516892,0,0,0,3,7
19516930,3,7,7,5,4
19519361,2,2,6,4,6
19519378,3,3,1,5,7
19519814,0,4,0,2,4
19519902,2,3,2,5,3
19520745,0,0,0,3,4
19522453,7,7,1,0,2
19525167,5,5,1,0,0
19525275,1,1,1,5,0
19525520,1,1,1,5,0
19525795,0,0,0,3,7
19525826,5,5,1,0,4
19526109,7,2,2,6,6
19526397,7,7,1,0,2
19530387,1,1,1,5,0
19533967,1,1,1,5,0
19534156,6,4,6,2,3
19534988,1,1,1,5,0
19535089,1,1,1,5,0
19537744,0,4,0,2,4
19539025,0,4,0,2,4
19543942,1,1,1,5,0
19546250,4,2,6,4,2
19551590,5,5,1,0,0
19552163,5,5,7,1,4
19552658,3,3,1,7,7
19553317,5,5,1,0,4
19553385,2,7,1,0,4
19554613,2,7,2,6,3
19554754,1,1,1,5,0
19555031,2,5,1,0,4
19560689,3,3,7,7,7
19560974,0,0,0,3,4
19569251,3,3,4,7,7
19569720,1,1,1,5,0
19570014,3,3,1,5,7
19573192,5,5,7,1,3
19578535,1,1,1,5,0
19581003,4,2,2,6,6
19581042,3,3,5,7,1
19581198,1,1,1,5,0
19581212,3,3,1,7,1
19584898,2,2,1,3,6
19585932,5,5,2,0,3
19586083,5,5,1,0,4
19586954,5,5,1,0,4
19587675,3,3,5,7,7
19588183,7,7,1,7,6
19588664,0,4,0,2,0
19589073,3,3,1,7,1
19597135,5,5,1,0,0
19598343,5,7,4,1,2
19598634,0,4,0,2,4
19599720,3,3,1,7,7
19599824,0,4,0,2,3
19600504,0,4,0,2,4
19602584,0,4,0,2,4
19602930,6,4,6,2,3
19603735,1,1,1,5,0
19604542,2,2,2,6,2
19605126,2,7,1,0,2
19605702,2,7,1,0,6
19605711,1,1,1,5,0
19607877,1,1,1,5,0
19609956,1,1,1,5,0
19615068,3,3,1,7,7
19617058,6,4,6,2,3
19617067,5,5,1,0,0
19617796,5,5,1,0,0
19619068,4,2,2,6,6
19622775,1,1,1,5,0
19623570,5,5,2,0,4
19623622,1,1,1,5,0
19624026,3,3,4,7,7
19647862,6,6,6,2,3
19648615,1,1,1,5,0
19648886,7,7,1,0,2
19648987,3,3,0,3,7
19649915,0,4,0,2,3
19650179,4,2,6,6,5
19654592,5,5,2,0,4
19655165,1,1,1,5,0
19657501,3,3,2,7,7
19657520,5,5,1,0,4
19657617,4,2,4,4,3
19657695,4,2,2,6,0
19660437,5,5,2,0,3
19662921,3,3,1,7,7
19663188,4,3,4,6,6
19663311,5,5,2,0,4
19663542,5,5,1,0,0
19663576,3,3,1,5,3
19663851,2,2,1,0,3
19663985,3,3,4,7,7
19665775,5,5,1,0,0
19666032,3,3,1,5,4
19666839,3,3,3,7,5
19667496,2,7,6,4,3
19679868,3,3,5,7,1
19681957,5,5,1,0,0
19684984,0,4,0,2,4
19686651,3,3,1,7,1
19690555,5,5,1,0,4
19690565,1,1,1,5,0
19690809,3,3,1,7,7
19691015,0,4,0,2,4
19694694,1,1,1,5,0
19700936,3,3,1,5,1
19703485,1,1,1,5,0
19703508,1,1,1,5,0
19705219,5,5,2,0,4
19710783,2,7,2,6,6
19715672,0,0,0,3,4
19719317,5,5,1,0,4
19721429,3,3,0,5,1
19721471,5,5,1,0,0
19721516,3,3,5,7,7
19721887,2,7,1,5,7
19727196,5,5,1,0,0
19738220,2,7,5,1,4
19742261,5,5,1,0,3
19743281,5,5,1,0,3
19755123,0,4,0,2,4
19761224,1,1,1,5,0
19762966,2,7,1,0,2
19771821,2,2,2,6,6
19776454,5,5,1,0,0
19777494,5,5,5,1,4
19780930,0,4,0,2,4
19782713,6,4,6,4,3
19782846,3,3,1,5,7
19785833,0,4,0,2,4
19791040,6,4,6,2,3
19799135,2,2,2,6,6
19800802,3,3,1,7,7
19804820,5,5,1,0,0
19804959,4,2,6,6,2
19812301,5,5,1,0,0
19813275,7,7,2,6,6
19813604,1,1,1,5,0
19813965,5,5,1,0,0
19814167,1,1,1,5,0
19815401,4,0,0,3,4
19827987,4,2,2,6,5
19828517,5,5,1,0,3
19835104,4,2,2,6,6
19844350,1,1,1,5,0
19844927,6,6,6,4,2
19844944,2,7,7,6,6
19846202,2,7,1,0,2
19849662,1,1,1,5,0
19849762,1,1,1,5,0
19852748,0,0,0,3,7
19857679,4,2,2,6,6
19857976,5,7,7,1,0
19858557,0,0,0,3,7
19859247,3,3,1,7,1
19859589,2,3,1,5,0
19865919,4,6,4,4,6
19871031,2,7,5,1,4
19876198,0,4,6,2,3
19876239,0,4,0,2,4
19877654,2,5,2,6,3
19882761,0,0,0,3,7
19885749,1,1,1,5,0
19886212,1,1,1,5,0
19886363,6,6,4,4,6
19886571,4,4,6,2,3
19886635,3,3,4,7,7
19887158,5,5,5,1,4
19891361,5,5,4,1,4
19892032,3,3,3,5,1
19896399,6,4,6,2,3
19903183,0,4,0,2,4
19903460,5,5,1,0,0
19904327,5,5,7,1,4
19904758,3,3,3,7,7
19904824,0,4,0,2,4
19905087,6,6,6,4,5
19905730,3,3,1,7,7
19908363,3,3,1,7,7
19915891,0,4,0,2,4
19916531,7,7,1,7,6
19917230,5,5,1,0,3
19917843,5,5,1,0,0
19921758,5,5,1,0,3
19922362,3,3,0,2,7
19922635,0,4,0,2,4
19935534,7,2,4,4,5
19935999,5,5,1,0,0
19937948,0,4,0,2,4
19938268,0,4,6,2,3
19941462,1,1,1,5,0
19952349,1,1,1,2,6
19955055,3,3,3,7,1
19956058,3,0,3,3,7
19980276,3,3,2,7,1
19981336,5,5,1,0,0
19981527,0,0,0,3,4
19982893,1,1,1,5,0
19983239,4,2,2,6,6
19986430,6,4,6,2,3
19992386,1,1,1,5,0
19999777,5,5,1,0,4
20000399,5,5,3,0,0
20005316,1,1,1,5,0
20013117,0,4,0,2,4
20015322,1,1,1,5,0
20015757,5,5,1,0,0
20019322,4,2,2,6,6
20026900,6,4,0,2,3
20032546,3,3,3,3,7
20033562,3,3,1,7,1
20041254,4,2,2,6,6
20042546,6,6,6,2,3
20057880,0,0,0,3,4
20058544,1,1,1,5,0
20059095,6,6,6,2,3
20063791,5,5,1,0,0
20064789,5,5,2,0,4
20064958,5,5,1,0,0
20077144,3,0,0,3,7
20082050,4,2,6,6,3
20082342,5,5,2,0,4
20083469,1,1,1,5,0
20083874,0,0,0,3,7
20091212,5,5,1,0,4
20092230,1,1,1,5,0
20092297,1,1,1,5,0
20093010,1,1,1,5,0
20093784,0,0,3,3,4
20106018,1,1,1,5,0
20106520,2,3,3,6,7
20107846,5,5,1,0,0
20111880,2,2,1,6,5
20112403,1,1,1,5,0
20112415,2,7,1,0,6
20112545,1,1,1,5,0
20117473,0,4,0,2,4
20119891,2,7,2,6,3
20120021,1,1,1,5,0
20120342,0,4,0,2,0
20120667,3,3,4,7,1
20121721,0,4,0,2,3
20122143,5,5,2,1,4
20123254,3,3,1,5,7
20124317,0,4,0,2,3
20134356,2,7,1,0,4
20134974,3,3,1,7,7
20135232,7,7,5,1,2
20136301,4,2,2,6,6
20137951,4,2,2,6,6
20139393,5,5,2,0,4
20140216,5,5,1,0,0
20148817,4,4,0,2,0
20150681,2,2,2,6,6
20150753,2,2,2,6,6
20169237,0,4,0,2,4
20169650,3,3,3,7,7
20169947,1,1,1,5,0
20170916,0,4,0,2,4
20171798,5,5,1,0,4
20178686,1,1,1,5,0
20182889,3,3,1,7,7
20183674,0,4,0,2,4
20186178,0,4,0,2,4
20190988,5,5,7,1,4
20193689,1,1,1,5,0
20193899,0,4,0,2,4
20194106,7,7,1,0,2
20194371,5,5,2,0,4
20194996,5,5,4,1,4
20196220,3,3,2,7,7
20196249,5,5,1,0,0
20196898,6,6,6,4,2
20197915,0,4,0,2,4
20197973,2,7,1,0,4
20198064,0,4,0,2,3
20199387,3,3,3,7,7
20203652,3,3,2,7,7
20207088,0,4,0,2,3
20208970,2,2,2,6,6
20210479,6,4,6,2,3
20210567,5,5,1,0,0
20221576,0,4,0,2,4
20222242,6,6,6,4,3
20222250,5,5,2,0,4
20225083,3,3,1,5,7
20228117,0,0,0,3,7
20236233,2,2,2,6,6
20236300,0,4,0,2,4
20236687,7,7,1,0,2
20237107,7,7,1,0,2
20237580,3,3,1,7,7
20237590,1,1,1,5,0
20238323,4,2,4,6,6
20240146,7,7,1,0,5
20248745,5,5,1,0,4
20251578,3,3,3,7,7
20253214,2,7,0,2,4
20261828,5,5,1,0,4
20262121,3,3,1,5,1
20262163,5,5,4,1,3
20271888,7,5,1,0,3
20281693,6,6,6,4,3
20292215,1,1,1,5,0
20292272,2,7,1,0,3
20324882,5,5,1,0,4
20326130,3,3,1,7,7
20326759,4,4,0,2,3
20326879,7,7,1,6,6
20329633,0,4,0,2,4
20333954,0,4,0,2,4
20343040,1,1,1,5,0
20350856,2,7,1,0,7
20352691,4,2,2,6,6
20353723,0,4,0,2,4
20354487,0,0,3,3,7
20354826,0,4,0,2,4
20355849,0,4,0,2,4
20356798,4,2,2,6,6
20356870,5,5,1,0,4
20368582,5,5,2,0,4
20370674,5,5,1,0,4
20371426,2,7,2,1,6
20385402,5,5,2,0,4
20386491,5,5,2,0,4
20386536,1,1,1,5,0
20386798,2,2,2,6,6
20390880,2,2,2,6,3
20399272,5,5,1,0,0
20400485,3,3,0,3,1
20402919,1,1,1,5,0
20418615,7,7,1,0,2
20429209,5,5,1,0,3
20429827,5,5,1,0,0
20430467,0,0,3,3,0
20431508,5,5,1,0,4
20432191,0,4,0,2,3
20441325,0,0,0,3,7
20443837,3,3,1,7,1
20444590,5,5,1,0,3
20445726,4,2,2,6,6
20453886,3,3,6,3,7
20454142,5,5,2,0,4
20455026,1,1,1,2,6
20455414,2,7,1,0,4
20461779,3,3,1,7,7
20467838,3,3,1,7,1
20468711,1,1,1,5,0
20469098,4,4,6,4,3
20469206,4,4,6,2,3
20472369,3,0,0,3,7
20480054,3,3,1,7,1
20481188,3,0,3,3,7
20481302,0,0,0,3,4
20482007,0,4,0,2,4
20482153,5,5,1,0,0
20482220,5,5,1,0,0
20482662,5,5,2,0,4
20483625,4,2,6,6,3
20495399,7,7,2,1,2
20496262,5,5,7,1,4
20496297,5,5,1,0,4
20508042,5,5,1,0,0
20509352,4,2,6,6,6
20519198,5,5,1,0,4
20519503,0,4,0,2,3
20519789,0,0,0,3,7
20521739,0,4,0,2,0
20522677,0,0,3,3,7
20522973,3,3,4,7,7
20527734,7,7,7,1,3
20531232,7,5,1,0,3
20531635,3,3,3,7,7
20533768,0,4,0,2,4
20546076,5,5,1,0,3
20546165,2,2,2,6,6
20548402,1,1,1,5,0
20548410,0,4,0,2,4
20557970,1,1,1,5,0
20558218,6,6,6,4,5
20558546,0,4,0,2,4
20558993,4,2,6,6,5
20559718,0,0,0,3,7
20562016,4,2,6,4,3
20570719,5,5,2,0,4
20570788,5,5,7,1,3
20571722,5,5,2,0,4
20572233,0,4,0,2,4
20572550,1,1,1,5,0
20572724,2,2,2,6,6
20572901,5,5,5,1,4
20573336,6,6,6,4,2
20579672,2,2,2,6,6
20579907,0,4,0,2,4
20579990,0,0,0,3,7
20582719,5,5,5,1,4
20584332,3,0,3,3,7
20584436,6,6,6,2,3
20584485,0,4,0,2,4
20585379,0,4,0,2,3
20585900,4,2,6,6,3
20587265,0,4,0,2,3
20590158,0,4,0,2,4
20594854,3,3,5,7,0
20595450,1,1,1,5,0
20596484,1,1,1,5,0
20596947,1,1,1,5,0
20597864,0,0,0,3,7
20599030,3,3,1,7,1
20599551,3,0,1,3,1
20604324,3,0,0,3,7
20614922,3,3,1,7,7
20615435,0,0,0,3,7
20618414,5,5,0,0,4
20645909,5,5,7,1,3
20646150,3,3,1,7,1
20647037,1,1,1,5,0
20647655,4,2,2,6,5
20647872,5,5,2,0,4
20648020,5,5,7,1,4
20648560,4,2,4,6,6
20649594,0,0,3,3,4
20660780,5,5,2,0,4
20671193,1,1,1,5,0
20671354,0,0,3,3,4
20671469,2,7,2,1,2
20671660,1,1,1,5,0
20671679,7,7,1,0,2
20673869,0,4,0,2,4
20674666,4,7,0,2,5
20681649,0,0,0,3,4
20682162,0,4,0,2,4
20690936,5,5,1,0,4
20706623,0,4,0,2,4
20715784,1,1,1,5,0
20716570,4,2,2,6,6
20717544,1,1,1,5,0
20729845,1,1,1,5,0
20730430,1,1,1,5,0
20741467,0,4,0,2,4
20742141,2,2,2,6,6
20742723,1,1,1,5,0
20753062,5,5,2,0,4
20753105,4,2,4,6,6
20753558,1,1,1,5,0
20755080,7,7,1,0,5
20764700,1,1,1,5,0
20764767,0,4,0,2,4
20765025,4,2,2,6,6
20765048,0,0,0,3,7
20767389,6,6,6,4,5
20768149,1,1,1,5,0
20775948,3,3,1,7,1
20778283,4,2,4,6,5
20787065,1,1,1,5,0
20787104,4,4,0,2,3
20788901,1,1,1,5,0
20800355,5,5,1,0,4
20802338,6,6,6,2,3
20803018,0,4,0,2,4
20803095,2,7,2,6,6
20813508,4,2,2,6,6
20813605,5,5,1,0,4
20823514,3,3,1,7,1
20823920,4,4,6,6,3
20824172,1,1,1,5,0
20824690,4,2,2,6,6
20824854,0,4,0,2,4
20825422,5,5,2,0,4
20826228,2,2,2,6,6
20826308,2,7,1,0,4
20834720,5,5,1,0,0
20835298,7,7,1,0,2
20845655,0,0,0,3,7
20845810,1,1,1,5,0
20846559,1,1,1,5,0
20847082,7,5,2,0,3
20849488,0,4,0,2,0
20852181,1,1,1,5,0
20852902,1,1,1,5,0
20856120,5,5,2,0,4
20856149,2,2,2,6,6
20856744,5,5,1,0,4
20856813,2,2,2,6,4
20857102,0,4,0,2,4
20857567,0,0,0,3,7
20858929,0,4,0,2,3
20859010,3,3,1,7,7
20859352,1,1,1,5,0
20859363,0,6,7,4,2
20859580,4,4,2,6,6
20859809,1,1,1,5,0
20866512,5,5,1,0,0
20869194,6,6,6,4,3
20869867,1,1,1,5,0
20870048,3,3,1,5,1
20871819,0,4,0,2,3
20871831,0,4,0,2,4
20872624,5,5,5,1,4
20872635,0,0,0,3,7
20884194,1,1,1,5,0
20885029,0,4,0,2,4
20885343,6,4,6,2,3
20886323,2,5,2,6,4
20886644,5,7,7,1,3
20890996,0,4,0,2,4
20897217,3,3,1,7,7
20897484,0,4,0,2,3
20898456,0,4,0,2,4
20898653,0,4,0,2,4
20899118,6,6,6,4,5
20899373,7,2,7,6,3
20899384,0,4,0,2,4
20899615,3,3,1,7,7
20900271,3,3,1,7,7
20910368,0,4,0,2,4
20910853,5,5,7,1,4
20911670,1,1,1,5,0
20912171,0,4,0,2,4
20912412,0,0,0,3,4
20914702,0,4,0,3,0
20915101,3,3,1,7,1
20946426,2,7,7,4,2
20947307,5,5,1,0,0
20947609,1,1,1,5,0
20947833,5,5,1,0,2
20949150,3,3,2,7,1
20949700,3,3,5,7,7
20950735,1,1,1,5,0
20960558,0,4,0,2,4
20961232,1,1,1,5,0
20963052,4,2,6,6,5
20963241,5,5,1,0,0
20964337,5,5,1,0,4
20973328,3,3,1,7,1
20973721,5,5,4,1,4
20974977,1,1,1,5,0
20975760,5,5,7,1,3
20981100,1,1,1,5,0
20985163,3,3,1,7,7
20985956,3,3,1,7,1
20988392,0,4,0,2,4
20993512,6,6,4,4,6
20996650,1,1,1,5,0
20998594,3,0,3,3,7
20998761,5,5,7,1,3
20999327,4,4,6,2,3
21005131,0,4,0,2,4
21007813,1,1,1,5,0
21008016,1,1,1,5,0
21008602,0,0,0,3,7
21010666,1,1,1,5,0
21011458,5,5,5,1,4
21011560,4,6,6,6,3
21011844,6,0,5,3,5
21012249,3,0,0,3,7
21027266,4,2,2,6,2
21027495,0,4,0,2,4
21028351,2,2,2,6,3
21028555,0,4,0,2,4
21028914,0,4,0,2,3
21029371,3,3,1,7,1
21030653,5,5,2,0,4
21031204,5,5,2,0,4
21039765,5,5,2,0,4
21040456,7,7,1,0,3
21040663,7,7,2,6,6
21041304,6,4,6,2,3
21055648,0,4,0,2,4
21056580,0,0,0,3,7
21056861,0,4,0,2,4
21057181,1,1,1,5,0
21058111,2,2,2,6,6
21064496,4,2,2,6,6
21067473,5,5,1,0,4
21068840,5,5,2,0,3
21069959,2,2,2,6,4
21070414,4,2,2,6,6
21084976,7,7,5,1,3
21095645,2,2,2,6,5
21095928,1,1,1,5,0
21096486,7,7,2,6,6
21096622,4,7,7,4,2
21096707,4,2,2,6,6
21097690,0,4,0,2,4
21100164,0,4,0,2,4
21106380,4,2,2,6,5
21106752,7,7,2,6,6
21107006,6,6,6,4,5
21107281,0,4,0,2,0
21107390,0,4,0,2,3
21110064,1,1,1,5,0
21118466,1,1,1,5,0
21120331,1,1,1,5,0
21121427,4,2,2,6,6
21122633,2,7,5,6,2
21126978,0,0,0,3,7
21130064,0,0,0,3,7
21130506,5,5,1,0,4
21130523,5,5,2,0,4
21130901,1,1,1,5,0
21131114,0,0,0,3,4
21131188,0,4,0,2,0
21131339,1,1,1,5,0
21131593,2,7,7,1,2
21132595,1,1,1,5,0
21139070,1,1,1,5,0
21141812,3,3,4,7,7
21141866,1,1,1,5,0
21143860,1,1,1,5,0
21144251,5,5,1,0,0
21145058,1,1,1,5,0
21145329,1,1,1,5,0
21157408,1,1,1,5,0
21157560,1,1,1,5,0
21157713,0,4,0,2,4
21157929,1,1,1,5,0
21158479,1,1,1,5,0
21158832,2,7,1,0,4
21159193,0,4,0,2,4
21159267,3,3,4,7,5
21159276,5,5,2,6,4
21159406,2,2,2,6,6
21159711,0,4,0,2,4
21159871,4,2,2,6,6
21160013,1,1,1,5,0
21160872,0,4,0,2,4
21161366,7,7,2,6,6
21172802,0,4,0,2,4
21174586,1,1,1,5,0
21174639,4,2,2,6,6
21180807,2,7,5,1,2
21184881,3,3,5,7,7
21187033,3,3,1,7,1
21187852,0,4,0,2,4
21191544,1,1,1,5,0
21205732,1,1,1,5,0
21206271,1,1,1,5,0
21209708,6,6,6,2,3
21210428,4,2,2,6,5
21210749,0,4,0,2,4
21211591,6,6,6,2,3
21249534,0,0,0,3,4
21250581,5,5,7,1,4
21262636,0,4,0,2,4
21262977,2,2,2,6,5
21263461,3,3,6,3,3
21266787,0,4,0,3,0
21279232,3,3,3,7,7
21280441,7,2,2,6,6
21280643,0,4,0,2,4
21291024,0,4,0,2,4
21292395,7,7,2,6,5
21298539,5,5,2,0,4
21301370,6,6,6,4,2
21303110,3,3,1,5,7
21303580,0,0,0,3,7
21306903,1,1,1,5,0
21313440,1,1,1,5,0
21314814,2,7,2,6,4
21314898,0,4,0,2,4
21315650,0,0,0,3,7
21316211,3,3,5,7,7
21316926,4,2,2,6,6
21327389,0,0,3,3,7
21327478,3,3,1,7,7
21327576,3,3,1,7,1
21327653,1,1,1,5,0
21327830,6,6,6,2,3
21328903,0,0,0,3,0
21329816,1,1,1,5,0
21341541,4,6,4,4,6
21341907,1,1,1,5,0
21341967,7,7,5,6,3
21342820,2,7,3,6,6
21343040,4,2,2,6,6
21343095,7,7,1,0,3
21354913,7,5,5,6,3
21355040,1,1,1,5,0
21363555,1,1,1,5,0
21366788,2,2,4,6,2
21367551,4,2,2,6,6
21367975,2,2,2,6,6
21368593,3,3,3,3,1
21368608,4,2,2,6,6
21368906,0,4,0,2,4
21368940,4,2,2,6,6
21369773,5,5,1,0,4
21379421,6,6,6,4,3
21379522,0,0,0,3,7
21379575,4,2,2,6,3
21381134,3,3,3,3,7
21381390,0,4,0,2,4
21383810,1,1,1,5,0
21390804,4,2,2,6,2
21394217,5,5,1,0,0
21394627,5,5,4,1,4
21394711,2,2,2,6,6
21395064,5,5,5,1,4
21395564,0,4,0,2,0
21395644,5,5,2,1,4
21396009,1,1,1,5,0
21396873,2,2,2,6,4
21397118,0,0,0,2,4
21397159,1,1,1,5,0
21406874,6,6,6,4,5
21408895,1,1,1,5,0
21409636,4,2,2,6,6
21415633,1,1,1,5,0
21420549,1,1,1,5,0
21420609,1,1,1,5,0
21420942,4,2,2,6,6
21421354,7,2,2,6,6
21421627,4,6,4,6,6
21426389,4,2,2,6,6
21427996,7,2,2,6,6
21428288,5,5,5,1,4
21431509,6,4,6,2,3
21431933,5,5,1,0,0
21432478,4,2,2,6,6
21432842,1,1,1,5,0
21433370,0,0,0,3,7
21433550,0,0,0,3,4
21434301,7,7,4,1,2
21434325,2,2,2,6,3
21437481,1,1,1,5,0
21440745,1,1,1,5,0
21444632,0,0,0,3,7
21444640,4,2,2,6,6
21446058,1,1,1,5,0
21448118,4,2,2,6,6
21448629,1,1,1,5,0
21448863,0,4,0,2,0
21457931,0,4,0,2,4
21458214,4,2,4,6,6
21458410,0,4,0,2,3
21459051,2,2,6,6,3
21459077,4,2,2,6,6
21459562,4,2,4,6,6
21459697,4,6,6,4,6
21461842,0,4,0,2,4
21470176,5,5,1,0,0
21470407,4,6,4,4,6
21470486,5,5,5,1,3
21471146,0,4,0,2,4
21472254,4,4,6,2,3
21472289,1,1,1,5,0
21481668,5,5,4,1,4
21485279,4,2,2,6,4
21486503,6,4,6,2,3
21486717,7,7,4,1,5
21487021,3,3,2,7,7
21488018,6,4,6,2,3
21488884,0,4,0,2,4
21498106,1,1,1,5,0
21498263,5,5,5,1,4
21498282,0,4,0,2,3
21498534,7,7,5,1,5
21499939,2,7,7,1,4
21499981,4,6,6,4,5
21500034,4,2,2,6,6
21500145,4,2,6,6,3
21511063,1,1,1,5,0
21511613,5,5,1,0,4
21512711,3,3,1,7,1
21514146,3,3,1,7,7
21514240,5,5,1,0,4
21518438,5,5,4,1,4
21526281,3,3,1,7,1
21526615,0,4,0,3,3
21526969,0,4,0,2,4
21527653,5,5,2,0,4
21527922,0,0,0,3,4
21538126,2,2,2,6,4
21541388,7,2,2,6,6
21542886,5,5,4,1,2
21543229,5,5,1,0,3
21543392,7,2,2,6,6
21545344,0,0,0,3,7
21545346,5,5,1,0,4
21545586,0,4,0,2,4
21546906,4,4,0,2,0
21576875,6,6,6,4,3
21577624,0,0,3,3,7
21579406,2,7,2,1,6
21579454,3,3,1,3,1
21579596,0,4,0,2,4
21579648,3,3,3,3,7
21580157,4,4,6,2,3
21580623,3,3,4,7,1
21592867,4,2,2,6,6
21593666,1,1,1,5,0
21594090,1,1,1,5,0
21594500,0,0,0,3,7
21594686,0,4,0,2,4
21594754,2,2,4,4,4
21595267,2,7,4,6,5
21595346,2,2,2,6,6
21595663,4,2,6,6,5
21595665,5,5,2,0,3
21597532,4,2,2,6,6
21597942,0,0,0,3,7
21600875,0,6,7,4,2
21602071,3,3,1,7,7
21605079,3,3,5,7,7
21605201,0,4,0,2,3
21606071,1,1,1,5,0
21606372,1,1,1,5,0
21606658,4,2,6,6,6
21606863,2,7,7,1,4
21606991,5,5,2,0,3
21607027,3,3,3,7,7
21608425,0,0,0,3,7
21608750,7,7,2,1,5
21615293,5,5,2,0,2
21615614,5,5,2,0,4
21615759,4,2,2,6,6
21619737,6,4,6,2,3
21619919,3,3,5,7,1
21621027,5,5,1,0,4
21621042,0,4,0,3,0
21621055,5,5,2,1,3
21621355,4,6,6,4,6
21621680,4,2,2,6,6
21621791,1,1,1,5,0
21622464,0,0,0,3,7
21626309,2,2,2,6,6
21628406,3,3,1,7,7
21628779,7,7,2,6,6
21628815,4,6,4,6,6
21628930,3,3,2,6,5
21629014,2,2,6,4,4
21629022,5,5,7,1,4
21629063,4,2,6,4,5
21629126,4,6,6,6,3
21629148,1,1,1,5,0
21629173,5,5,7,1,4
21633257,7,7,4,4,5
21633764,1,1,1,5,0
21633778,5,5,5,1,4
21633786,7,7,2,0,2
21633832,3,3,3,7,7
21634101,5,5,2,0,4
21634409,5,5,2,0,4
21634471,6,6,6,4,2
21634849,2,7,7,1,3
21635306,4,4,0,2,0
21635404,6,6,6,2,3
21635412,2,7,5,1,6
21635587,0,0,0,3,7
21635599,5,5,2,6,2
21635798,1,1,1,5,0
21636098,5,5,7,1,3
21636128,1,1,1,5,0
21636206,6,6,6,4,5
21636498,3,3,3,7,7
21636823,7,2,2,6,6
21636955,3,3,1,7,1
21641406,4,2,6,4,3
21643870,4,6,6,4,6
21645339,4,2,2,6,6
21645547,3,3,3,7,7
21648468,5,5,7,7,4
21648838,0,0,3,3,5
21648866,3,3,2,7,7
21649203,4,2,2,6,6
21649300,7,2,2,6,6
21649670,7,7,4,1,2
21650391,1,1,1,5,0
21650439,2,7,2,6,6
21650814,7,5,4,1,3
21650834,4,2,2,6,6
21650857,0,4,0,2,4
21650948,5,5,2,0,4
21651046,0,0,0,3,7
21651586,5,5,1,0,4
21651961,5,5,2,0,4
21652283,0,0,0,3,4
21652682,4,2,2,6,6
21652768,7,2,2,6,6
21652798,4,2,2,6,6
21652833,2,7,1,7,4
21652850,5,5,2,1,4
21653124,1,1,1,5,0
21653310,1,1,1,5,0
21658256,1,1,1,5,0
21658518,5,5,2,0,4
21658885,1,1,1,5,0
21659207,3,3,1,7,7
21661580,5,5,2,0,4
21661706,3,3,3,7,7
21662074,1,1,1,5,0
21665340,5,5,4,1,4
21665381,0,0,3,3,3
21665401,1,1,1,5,0
21665431,6,6,6,4,3
21665439,2,2,2,6,4
21665486,0,4,0,2,4
21665511,3,3,3,3,7
21665545,4,2,2,6,6
21665562,4,2,2,6,6
21665613,1,1,1,5,0
21665646,0,0,0,3,4
21665692,4,2,2,6,6
21665759,0,4,0,2,3
21665798,5,5,2,0,4
21666917,6,6,4,4,6
21667435,5,5,1,0,4
21667765,7,2,4,4,6
21667909,1,1,1,5,0
21668053,5,5,2,1,4
21668616,0,4,0,2,4
21668724,4,6,4,6,6
21668859,3,3,3,7,7
21669797,3,3,3,7,7
21669906,7,7,2,1,2
21670045,5,5,1,0,4
21670111,7,7,2,1,3
21670201,0,4,0,2,4
21670700,4,2,5,6,6
21671070,0,4,0,2,4
21671739,0,0,0,3,7
21674202,4,6,6,4,6
21674742,3,3,1,7,7
21675090,0,4,0,2,4
21679050,0,4,0,2,0
21679086,0,0,0,2,4
21679226,3,0,1,3,1
21679240,6,6,6,4,3
21683813,5,5,7,1,3
21684202,4,2,2,6,6
21684293,3,3,5,7,7
21684976,2,5,2,1,4
21685389,7,7,4,4,5
21685619,5,5,1,0,4
21685682,3,3,5,7,4
21685891,5,5,4,1,3
21685902,3,3,1,7,1
21686524,0,0,5,3,4
21686664,4,2,2,6,6
21686713,7,2,2,6,6
21686737,0,0,0,3,7
21687257,2,7,2,6,5
21687841,0,4,0,2,4
21690326,4,2,4,6,6
21696767,1,1,1,5,0
21696855,1,1,1,5,0
21696957,5,5,2,6,4
21700292,1,1,1,5,0
21700488,1,1,1,5,0
21700602,1,1,1,5,0
21700786,1,1,1,5,0
21700830,3,3,1,7,1
21700869,4,2,6,4,5
21700894,0,0,0,3,7
21701157,5,7,5,1,4
21701232,2,2,2,6,2
21701402,7,7,2,1,3
21702312,0,4,0,2,4
21702451,1,1,1,5,0
21702479,2,5,2,6,4
21702837,0,4,0,2,4
21702900,3,3,1,7,1
21703094,5,5,5,1,4
21703308,1,1,1,5,0
21704226,0,4,0,2,4
21704475,4,2,2,6,6
21705965,4,2,2,6,5
21707877,7,7,2,6,6
21709025,5,5,7,1,4
21709667,0,0,0,3,7
21709778,2,2,2,6,4
21710284,0,4,0,2,4
21710294,0,4,0,2,3
21710399,1,1,1,5,0
21710442,1,1,1,5,0
21710450,1,1,1,5,0
21714259,0,4,0,2,4
21714427,3,3,1,7,1
21714665,1,1,1,5,0
21714674,4,6,6,4,3
21714808,4,2,2,6,6
21715016,6,4,6,2,3
21715579,0,4,0,2,4
21715688,0,4,0,2,3
21715891,4,4,6,4,3
21716294,0,4,0,2,4
21716409,6,4,0,2,3
21716419,2,2,2,6,3
21716522,7,7,7,6,3
21716644,3,3,2,7,7
21716652,3,0,0,3,1
21716723,4,2,2,6,6
21717005,7,5,4,1,3
21717039,2,7,5,1,4
21717432,0,4,0,2,4
21717544,4,2,2,6,6
21719885,5,5,1,0,4
21722895,0,4,6,2,3
21724157,4,2,2,6,6
21726971,0,0,0,3,4
21727199,4,6,4,4,6
21727247,0,4,0,2,0
21730672,7,7,4,4,5
21730704,7,2,2,6,6
21730828,4,4,6,2,3
21731036,1,1,1,5,0
21731276,5,5,4,1,4
21731639,4,2,2,6,6
21731727,7,2,2,6,5
21731849,5,5,2,0,4
21732816,0,4,6,2,3
21733167,0,4,0,2,4
21733200,5,5,7,1,0
21733227,4,2,2,6,6
21733282,6,6,5,4,5
21733673,1,1,1,5,0
21733829,1,1,1,5,0
21734142,4,2,2,6,6
21734151,5,5,2,1,4
21734205,6,6,5,4,5
21734448,4,2,2,6,6
21734490,3,3,1,7,7
21734505,4,2,2,6,2
21734564,7,2,2,6,6
21734696,3,3,0,3,1
21736471,5,5,1,0,4
21737077,5,5,7,1,4
21737660,1,1,1,5,0
21737668,0,4,0,2,4
21737680,1,1,1,5,0
21740323,3,0,0,3,7
21741248,4,6,4,4,3
21741256,5,5,5,0,4
21741309,1,1,1,5,0
21741324,4,2,2,6,6
21741444,3,0,0,3,7
21744551,3,3,1,7,7
21744834,0,4,0,2,4
21744875,7,7,2,6,6
21744898,2,2,2,6,6
21744925,4,2,2,6,6
21744964,1,1,1,5,0
21744986,0,4,0,2,3
21745014,7,2,2,6,5
21745035,4,2,2,6,6
21745055,4,2,4,6,6
21745088,6,6,6,4,5
21745103,0,4,0,2,4
21745126,1,1,1,5,0
21745157,4,2,2,6,6
21745174,1,1,1,5,0
21745207,2,7,2,6,6
21745215,1,1,1,5,0
21745236,5,5,5,1,3
21745253,7,2,2,6,6
21745483,1,1,1,5,0
21745515,0,4,0,2,4
21746156,4,2,2,6,6
21746637,0,0,0,3,7
21747041,0,4,0,2,3
21747195,2,2,2,6,5
21747312,4,2,2,4,5
21747454,4,2,2,6,6
21747470,5,5,2,0,4
21747784,4,2,2,6,5
21748125,7,2,2,6,6
21748225,3,3,1,7,7
21748412,0,4,0,2,4
21748432,5,5,2,1,3
21748726,1,1,1,5,0
21748781,4,2,2,6,6
21748920,4,2,2,6,6
21749190,4,4,6,2,3
21750355,4,2,2,6,6
21751834,2,5,1,1,4
21753795,1,1,1,5,0
21754134,4,4,6,2,3
21754318,0,4,0,2,4
21754408,7,5,4,1,3
21754771,7,2,2,6,6
21754837,1,1,1,5,0
21754854,5,5,2,0,4
21754898,4,4,6,6,3
21754967,2,2,2,6,6
21754989,6,4,6,2,3
21758813,5,5,2,0,4
21758840,0,4,0,2,3
21758892,7,7,2,1,3
21762152,5,5,2,0,4
21762212,7,7,7,1,3
21762279,0,0,3,3,4
21762424,0,4,0,2,4
21762454,3,3,5,7,7
21762495,0,4,0,2,3
21762631,5,5,4,1,4
21762719,1,1,1,5,0
21762736,3,3,1,7,7
21762855,7,7,4,6,5
21762934,4,2,6,6,6
21763202,0,4,0,2,4
21763433,7,2,2,6,6
21763674,3,3,4,7,7
21763801,2,5,4,1,3
21763911,7,7,2,6,6
21763956,1,1,1,5,0
21764103,1,1,1,5,0
21764114,0,0,0,2,4
21764354,1,1,1,5,0
21764474,7,7,5,1,3
21764521,6,6,6,2,3
21764842,3,3,6,3,7
21765026,7,7,2,1,4
21765512,3,3,1,7,1
21765574,5,5,2,1,4
21765678,6,6,6,4,2
21766383,1,1,1,5,0
21768701,2,2,2,6,6
21772590,4,2,4,4,6
21772722,5,5,2,0,4
21776428,0,4,0,2,4
21776518,1,1,1,5,0
21776654,4,6,4,4,6
21777016,1,1,1,5,0
21777083,0,0,0,3,4
21777477,3,3,1,7,7
21777494,0,4,0,2,4
21777926,0,6,6,4,2
21778165,4,2,2,6,6
21778174,1,1,1,5,0
21778543,3,0,6,3,3
21779289,1,1,1,5,0
21779412,6,6,6,4,3
21779687,3,3,4,7,5
21779742,0,4,0,2,4
21779813,2,2,2,6,6
21779893,2,7,7,1,4
21779933,4,2,2,6,6
21779941,0,0,3,3,3
21780022,0,4,0,2,3
21780117,4,6,6,4,5
21780174,2,2,2,6,4
21780623,5,5,1,0,4
21783067,3,3,5,7,7
21786766,5,5,5,1,4
21790763,4,6,6,4,2
21790857,4,2,2,6,6
21790913,4,2,2,6,6
21791089,6,4,6,2,3
21791429,0,0,0,3,7
21791488,3,3,3,7,1
21791763,0,4,0,2,4
21791884,4,2,2,2,4
21791993,4,2,2,6,6
21792158,3,3,1,7,1
21792340,4,2,2,6,6
21792398,6,4,6,2,3
21792428,5,5,2,7,4
21792637,5,5,5,1,3
21792886,3,3,1,7,1
21793118,6,4,6,2,3
21793169,1,1,1,5,0
21793345,6,4,0,2,3
21793907,3,3,5,7,7
21794913,0,0,0,3,7
21794925,6,6,6,4,2
21799331,0,4,0,2,3
21800132,4,2,4,4,4
21800504,4,2,6,4,2
21800514,4,2,2,6,6
21800622,3,3,1,7,1
21804671,2,2,4,6,6
21805483,4,6,6,4,5
21805551,7,2,2,6,6
21805620,4,2,2,6,6
21806154,6,4,6,2,3
21806304,1,1,1,5,0
21806510,3,0,0,3,7
21806705,4,2,2,6,6
21806982,2,7,2,6,2
21807322,0,0,0,3,7
21807516,2,7,7,6,6
21807554,0,4,0,2,4
21807603,5,5,7,1,3
21807744,1,1,1,5,0
21808011,4,2,2,6,6
21811903,1,1,1,5,0
21812275,4,2,2,6,6
21812547,7,7,7,4,3
21814875,3,3,4,7,7
21816199,5,5,1,0,4
21819597,3,0,0,3,7
21819648,1,1,1,5,0
21819667,3,3,1,7,7
21819675,0,4,0,2,3
21819705,0,0,0,3,7
21819732,4,4,6,2,3
21819759,4,2,2,6,6
21819787,0,4,0,2,4
21819810,1,1,1,5,0
21819838,4,2,2,6,6
21819897,0,4,0,2,4
21819937,0,4,0,2,4
21819963,1,1,1,5,0
21819992,7,7,7,4,3
21820004,5,5,5,1,4
21820033,1,1,1,5,0
21820043,0,4,0,2,4
21820060,4,2,2,6,6
21820075,0,4,0,2,3
21820104,2,7,2,6,7
21820119,4,6,6,4,5
21820151,0,0,0,3,7
21820249,0,4,0,2,4
21820346,4,2,2,6,6
21820357,1,1,1,5,0
21820505,5,5,2,0,4
21820593,5,5,1,0,4
21820601,4,2,2,6,6
21821735,2,2,2,6,6
21821858,7,2,2,6,6
21821990,7,7,2,6,6
21822074,4,2,2,6,4
21822123,0,4,0,2,4
21822558,4,2,4,6,6
21822707,4,2,4,6,6
21823064,6,6,6,4,2
21823167,4,6,4,4,6
21823180,3,3,1,5,1
21823625,6,6,6,2,3
21823670,1,1,1,5,0
21823757,6,4,6,2,3
21823926,0,0,0,3,4
21824199,0,0,0,3,4
21824325,4,4,6,2,3
21824608,4,6,6,4,3
21824843,1,1,1,5,0
21824959,0,4,0,2,3
21825046,3,3,1,7,1
21828433,4,6,4,6,6
21828817,2,2,2,6,3
21828914,0,0,3,3,0
21829489,7,7,4,6,3
21829512,3,3,1,7,1
21830352,1,1,1,5,0
21837318,6,6,6,4,5
21837546,7,7,4,6,5
21837847,4,6,2,6,6
21838633,4,2,2,6,6
21838776,5,5,5,1,4
21839298,2,2,2,6,6
21839352,0,4,0,2,0
21839506,7,7,2,6,5
21839540,5,5,1,0,4
21839624,1,1,1,5,0
21839741,7,7,4,1,5
21839964,4,6,4,6,6
21840066,0,4,0,2,3
21840104,3,3,1,7,7
21840255,1,1,1,5,0
21840366,1,1,1,5,0
21840578,4,2,2,6,6
21840592,1,1,1,5,0
21840906,2,2,2,6,6
21841652,1,1,1,5,0
21843332,1,1,1,5,0
21847174,4,2,2,6,4
21847660,1,1,1,5,0
21847815,1,1,1,5,0
21847893,1,1,1,5,0
21851919,4,2,2,4,6
21852063,0,4,0,2,4
21852112,3,3,1,7,7
21852702,0,4,0,2,4
21852979,3,3,1,7,7
21853484,0,4,0,2,4
21853511,0,0,0,3,4
21853771,1,1,1,5,0
21853804,0,4,0,2,4
21853824,7,2,2,6,6
21854043,2,2,2,6,3
21854299,4,2,2,6,6
21854321,2,5,2,6,4
21854492,0,4,0,2,4
21856433,5,5,1,0,4
21856771,4,2,2,6,6
21858736,4,2,2,6,6
21858865,6,6,6,2,3
21862987,1,1,1,5,0
21863042,0,4,0,2,3
21863123,0,4,0,2,3
21863151,1,1,1,5,0
21867476,4,2,2,6,6
21867569,1,1,1,5,0
21867864,4,6,4,4,6
21868032,4,6,4,6,6
21868081,1,1,1,5,0
21868089,6,4,6,2,3
21868291,5,5,7,1,4
21868315,6,4,6,2,3
21868323,5,5,7,1,0
21868588,7,7,4,4,6
21868602,0,4,0,2,4
21868708,4,5,2,1,4
21869039,4,2,2,6,6
21869899,4,2,2,6,6
21870032,2,2,2,6,3
21870200,1,1,1,5,0
21870480,7,2,2,6,6
21870490,2,2,2,6,6
21870748,5,5,2,0,4
21871148,1,1,1,5,0
21876273,7,2,2,6,6
21878782,0,4,0,2,4
21879975,4,2,2,6,6
21880148,2,7,5,1,4
21886053,1,1,1,5,0
21886599,4,2,2,6,6
21886808,5,5,2,0,4
21886937,4,2,2,6,2
21887113,4,2,2,6,6
21887291,5,5,2,6,4
21887395,3,3,5,7,7
21887405,3,3,1,7,1
21887508,0,4,0,2,4
21887561,5,5,4,1,4
21887751,2,7,2,6,6
21887833,4,5,5,4,2
21887872,4,2,2,6,6
21888087,0,0,0,3,7
21888261,4,2,6,4,2
21888462,6,6,6,4,2
21888622,3,3,3,7,7
21889000,3,3,3,3,7
21889039,1,1,1,5,0
21889663,1,1,1,5,0
21922035,1,1,1,5,0
21922093,6,6,6,4,3
21922102,0,4,6,2,3
21922145,3,3,3,7,1
21922234,6,6,6,4,5
21922257,5,5,5,1,3
21922307,4,2,2,6,6
21922467,4,4,0,2,3
21922483,4,2,2,6,5
21922501,7,7,2,1,5
21922512,7,7,2,6,2
21923393,7,2,2,6,6
21926059,0,4,0,2,4
21926524,0,0,0,3,4
21926748,0,4,0,2,3
21926757,0,4,0,2,3
21926940,4,6,4,4,6
21927383,3,3,3,7,1
21942779,6,4,6,2,3
21943437,1,1,1,5,0
21943865,1,1,1,5,0
21944576,3,3,3,7,7
21944699,1,1,1,5,0
21945380,0,0,0,3,7
21952477,1,1,1,5,0
21957767,1,1,1,5,0
21957854,0,4,0,2,3
21957886,0,4,3,2,4
21959062,7,7,2,6,6
21959793,4,2,2,6,5
21961928,1,1,1,5,0
21970761,4,2,2,6,6
21971312,7,2,2,6,5
21971485,4,4,6,2,3
21972311,2,7,2,1,6
21972838,4,2,2,6,6
21973074,3,3,5,7,5
21973521,4,2,2,6,4
21975902,3,3,3,7,1
21976300,4,2,2,6,6
21980607,0,4,3,3,0
21984995,1,1,1,5,0
21985242,0,0,0,3,3
21985726,1,1,1,5,0
21985747,4,2,2,6,6
21986066,5,5,7,1,4
21987339,0,4,6,2,3
21987350,0,4,0,2,4
21987621,5,5,7,1,4
21987812,4,2,4,6,6
21988068,1,1,1,5,0
21994859,3,3,1,7,1
21994940,0,4,0,2,4
21998495,6,6,6,4,2
21998522,6,6,6,2,3
21998541,7,7,2,1,5
21998599,1,1,1,5,0
21998607,0,4,0,2,3
21998655,4,2,2,6,6
21998715,7,7,4,4,5
21998758,5,5,2,0,4
22000533,4,2,2,6,6
22000907,4,2,2,6,6
22001400,5,5,5,1,4
22001678,4,2,2,6,6
22001805,1,1,1,5,0
22002217,4,2,2,6,6
22003053,0,4,0,2,4
22004895,1,1,1,5,0
22020022,7,7,4,4,5
22020655,0,4,6,2,3
22020958,1,1,1,5,0
22021447,6,4,6,2,3
22022677,4,2,6,4,6
22023457,4,2,2,6,6
22023864,4,2,2,6,6
22024411,4,2,2,6,6
22024921,0,4,0,2,3
22025083,2,7,5,6,4
22027214,1,1,1,5,0
22031927,5,5,7,1,4
22036299,0,0,0,3,7
22036923,0,4,0,2,4
22037002,5,5,7,1,2
22037248,4,2,6,4,4
22038613,4,2,2,6,6
22038990,4,2,4,4,6
22039046,1,1,1,5,0
22039310,0,4,0,2,4
22053469,3,3,3,7,7
22053562,6,0,6,2,3
22053688,4,2,4,4,6
22053717,4,2,4,6,6
22053738,4,2,2,6,6
22053999,1,1,1,5,0
22054142,4,2,2,6,6
22054347,0,4,0,2,4
22054462,7,7,2,1,5
22054756,4,2,2,4,6
22055086,0,0,0,3,4
22055125,7,7,2,1,5
22055597,1,1,1,5,0
22055915,5,5,2,0,4
22056044,3,3,1,7,7
22056167,1,1,1,5,0
22056345,0,4,0,2,3
22056524,4,2,2,6,6
22057597,1,1,1,5,0
22058702,7,7,2,1,5
22065443,7,2,2,6,5
22069090,5,5,4,1,4
22069590,1,1,1,5,0
22069735,4,4,6,2,3
22069757,1,1,1,5,0
22069994,5,5,2,0,4
22070011,7,7,2,6,6
22070280,1,1,1,5,0
22070670,0,0,0,3,7
22070800,3,3,1,7,1
22071170,4,2,2,6,6
22071237,7,7,2,1,2
22071508,1,1,1,5,0
22071894,1,1,1,5,0
22072021,0,0,0,3,7
22072416,0,0,0,3,7
22072426,5,5,4,1,3
22072435,0,4,0,2,4
22072850,4,2,2,6,6
22073196,3,3,1,7,1
22073341,0,4,0,2,4
22073355,5,5,2,0,4
22073541,3,3,1,7,1
22073551,0,0,0,3,7
22073603,0,0,0,3,4
22073972,1,1,1,5,0
22085309,4,2,2,6,6
22085342,4,2,2,6,6
22085433,3,3,1,7,4
22085476,7,2,2,6,6
22085546,0,4,0,2,4
22085783,1,1,1,5,0
22085810,3,3,5,7,7
22085822,5,5,5,1,4
22085879,4,2,2,6,6
22085887,0,0,0,3,7
22085916,5,5,7,1,4
22086123,4,6,2,6,6
22086218,1,1,1,5,0
22086235,0,4,0,2,3
22086299,6,0,3,3,3
22086389,1,1,1,5,0
22086405,0,4,0,2,4
22086999,4,2,2,6,6
22087111,5,5,2,0,4
22088025,4,2,2,6,6
22088821,0,4,0,2,4
22088900,0,0,0,3,7
22089369,0,0,0,3,7
22089440,0,4,0,2,0
22089664,4,2,7,6,6
22089672,4,2,2,6,6
22089764,0,0,0,3,4
22091588,0,0,3,3,4
22091604,1,1,1,5,0
22094609,4,2,2,6,6
22094648,1,1,1,5,0
22095215,0,4,0,2,4
22099344,5,5,2,0,4
22103413,1,1,1,5,0
22103572,7,7,4,1,2
22104174,1,1,1,5,0
22104370,7,7,2,1,3
22104632,4,2,2,6,6
22104704,2,2,2,6,5
22104887,4,2,6,4,6
22105394,2,2,2,6,6
22105529,3,3,4,7,7
22105712,0,4,0,2,4
22106207,1,1,1,5,0
22106738,5,5,7,1,4
22114139,0,0,0,3,0
22114174,5,5,5,1,3
22118188,1,1,1,5,0
22118378,3,3,1,7,7
22118465,1,1,1,5,0
22118568,4,2,4,6,6
22118650,1,1,1,5,0
22119194,4,2,2,6,6
22119202,1,1,1,5,0
22119208,4,7,5,4,2
22119273,0,0,0,3,7
22119429,0,4,0,2,4
22119575,2,7,2,6,6
22119583,4,2,7,6,2
22119791,4,2,2,6,6
22119956,0,4,0,2,4
22119989,0,4,0,2,4
22120366,3,3,5,7,7
22120620,1,1,1,5,0
22120907,0,0,0,3,4
22121742,7,7,2,6,6
22123491,4,2,2,6,6
22128128,0,4,0,2,4
22133574,0,4,0,2,0
22133828,1,1,1,5,0
22133887,4,2,2,6,6
22134628,1,1,1,5,0
22134649,0,4,0,2,4
22134777,1,1,1,5,0
22135056,4,6,6,4,6
22135326,4,2,2,6,6
22135398,0,4,0,2,3
22135814,0,0,0,3,7
22135974,0,4,0,2,3
22136015,6,6,6,4,3
22136073,3,3,5,7,3
22136222,4,6,6,6,6
22136350,0,4,0,2,3
22136531,5,5,5,1,4
22137239,6,4,6,2,3
22137285,0,0,0,3,4
22137727,6,6,6,4,5
22140227,0,4,0,2,4
22140263,7,7,2,6,6
22144292,1,1,1,5,0
22148249,0,4,0,2,3
22148304,5,5,2,1,2
22148410,1,1,1,5,0
22148463,7,7,2,1,5
22148478,5,5,2,0,4
22148599,6,4,6,2,3
22149098,5,5,5,1,4
22149394,7,7,2,1,6
22149503,5,5,7,1,4
22149630,2,2,2,6,4
22149704,4,2,2,6,6
22150141,1,1,1,5,0
22150461,3,0,3,3,7
22150768,1,1,1,5,0
22150804,4,2,6,4,6
22150898,1,1,1,5,0
22150907,4,2,2,6,6
22151023,4,2,2,6,6
22151112,0,4,0,2,3
22151301,7,7,2,6,6
22151389,1,1,1,5,0
22151490,3,3,3,7,7
22151869,0,4,0,2,3
22152149,4,2,2,6,6
22152178,1,1,1,7,1
22152818,7,7,2,6,5
22154733,1,1,1,5,0
22159695,4,6,6,4,6
22163621,1,1,1,5,0
22163636,0,4,0,2,3
22163768,4,2,2,6,6
22163789,0,4,0,2,4
22163808,0,4,0,2,4
22163850,1,1,1,5,0
22164195,4,6,6,6,6
22164492,0,4,0,2,4
22164583,3,3,1,7,7
22164673,1,1,1,5,0
22165100,1,1,1,5,0
22165174,5,5,2,0,4
22165492,7,7,2,1,2
22165656,5,5,7,1,4
22165975,3,0,3,3,2
22166293,5,5,2,0,4
22166429,1,1,1,5,0
22166754,0,4,0,2,3
22166901,1,1,1,5,0
22169013,5,5,4,1,4
22169871,1,1,1,5,0
22170526,3,0,3,3,7
22174924,5,5,5,1,4
22174938,1,1,1,5,0
22178740,0,4,0,2,4
22178770,2,2,2,6,6
22178790,4,6,6,4,6
22178819,0,0,0,3,7
22178837,7,2,4,4,5
22178884,1,1,1,5,0
22178919,0,4,0,2,3
22179040,5,5,7,1,4
22179138,1,1,1,5,0
22179383,7,2,4,6,5
22179445,5,5,7,1,4
22179465,4,2,2,6,6
22179497,4,6,2,6,6
22179534,1,1,1,5,0
22179582,5,5,2,0,4
22179601,0,4,0,2,4
22179633,0,4,0,2,3
22179679,4,2,2,6,6
22179701,4,2,4,4,6
22179726,4,2,2,6,5
22179784,7,7,2,6,7
22179802,4,2,2,6,6
22179821,5,5,2,0,4
22179843,1,1,1,5,0
22179883,4,2,2,6,6
22179892,4,6,6,4,5
22179913,2,5,2,1,4
22180925,1,1,1,5,0
22181460,5,5,7,1,3
22181522,0,4,0,2,3
22181667,6,6,6,2,3
22181963,4,2,2,6,6
22182264,4,4,0,2,3
22182409,2,2,2,6,6
22182525,4,2,2,6,6
22182591,2,2,5,4,5
22182644,1,1,1,5,0
22182784,0,4,0,2,0
22183118,4,4,6,2,3
22183242,7,7,7,4,5
22183344,3,3,3,7,7
22183513,6,6,6,2,3
22183590,1,1,1,5,0
22183686,0,5,7,1,2
22184016,1,1,1,5,0
22184234,5,5,7,1,3
22184413,2,5,2,1,4
22184678,4,6,4,4,6
22184997,3,3,3,7,1
22185108,5,5,7,1,4
22185121,4,2,2,6,2
22185753,1,1,1,5,0
22188545,7,7,2,1,2
22193486,6,6,6,4,3
22194032,4,4,6,2,3
22194046,7,2,2,6,6
22194082,4,2,2,6,6
22199072,1,1,1,5,0
22199250,0,4,0,2,3
22199289,7,7,2,1,2
22199306,1,1,1,5,0
22199468,1,1,1,5,0
22199550,4,2,2,6,6
22199590,5,5,7,1,4
22199686,4,6,6,4,5
22199976,2,2,2,6,5
22200035,4,2,2,6,6
22200090,3,3,1,7,7
22200132,0,4,0,2,3
22200144,5,5,2,0,4
22200167,4,2,2,4,6
22200762,4,2,4,6,6
22200813,6,6,6,4,3
22200868,2,2,4,6,6
22200908,3,0,3,3,3
22200983,5,5,4,1,3
22200985,4,2,2,6,6
22201215,4,2,2,6,6
22201244,0,4,0,3,3
22201310,6,6,6,4,3
22201382,4,6,2,6,6
22201706,3,3,4,7,7
22201924,1,1,1,5,0
22202007,0,4,0,2,4
22202032,7,7,2,6,6
22202199,5,5,7,1,3
22202400,1,1,1,5,0
22202544,4,2,2,6,6
22202782,4,6,2,6,6
22203194,3,3,3,7,1
22203254,4,2,2,6,6
22203328,0,4,0,2,4
22203681,4,2,2,6,6
22203815,1,1,1,5,0
22204370,5,5,4,1,4
22204971,0,6,7,4,2
22207889,5,5,4,1,4
22210104,0,4,0,2,4
22210296,3,3,5,7,7
22211157,4,4,2,6,6
22211218,3,3,5,7,7
22214645,4,6,6,4,6
22214959,7,5,2,0,3
22219251,7,2,2,6,6
22219393,4,6,6,6,6
22219429,0,4,0,2,3
22219830,6,6,6,4,2
22220118,1,1,1,5,0
22220644,1,1,1,5,0
22221035,3,3,5,7,7
22221089,4,2,2,6,6
22221263,6,6,6,4,5
22221339,0,4,0,2,4
22221407,0,4,0,2,3
22221565,0,4,0,2,4
22221800,3,3,7,7,7
22221937,3,3,4,7,7
22222018,4,2,2,6,5
22222203,3,4,0,3,3
22222489,6,4,0,2,3
22222729,2,2,2,6,5
22222986,1,1,1,5,0
22223288,4,6,4,6,6
22223407,1,1,1,5,0
22223716,1,1,1,5,0
22223884,1,1,1,5,0
22223946,3,3,7,7,4
22224096,4,2,2,6,6
22224379,5,5,2,1,3
22224597,0,0,0,3,4
22224653,0,0,0,3,4
22224673,5,5,5,1,4
22224706,4,2,2,6,6
22224880,2,7,4,1,5
22224888,4,6,4,6,6
22225006,2,2,2,6,4
22225271,1,1,1,5,0
22225310,0,4,0,2,0
22225404,7,5,2,1,3
22226544,1,1,1,5,0
22233602,4,6,2,6,6
22233717,0,4,0,2,4
22245418,5,5,2,0,4
22245510,1,1,1,5,0
22245518,4,2,4,6,6
22245597,5,5,4,1,4
22245648,4,2,2,6,6
22245754,1,1,1,5,0
22245869,0,0,0,3,7
22246151,5,5,7,1,4
22246316,7,7,2,1,2
22246659,5,5,2,0,4
22246792,0,4,0,2,3
22246987,6,6,6,4,2
22247013,5,5,2,0,4
22247153,0,4,0,2,4
22247226,0,4,0,2,4
22247256,1,1,1,5,0
22247268,1,1,1,5,0
22247386,0,4,0,2,4
22247549,4,2,4,6,6
22247620,1,1,1,5,0
22247859,0,4,0,2,4
22247995,0,4,0,2,4
22248079,1,1,1,5,0
22248168,6,4,0,2,3
22248233,4,2,4,6,6
22250364,4,2,2,6,6
22250488,4,2,5,4,5
22250993,5,5,2,0,4
22251040,3,3,4,7,4
22251254,4,2,2,6,6
22251384,0,4,0,2,4
22251541,6,6,6,4,2
22251843,6,4,6,2,3
22251857,5,5,1,0,4
22252058,6,6,6,4,2
22252121,5,5,7,1,4
22252415,6,4,6,2,3
22252441,4,6,2,6,6
22252548,5,5,2,0,4
22252693,4,2,7,6,6
22252710,0,4,0,2,4
22252718,1,1,1,5,0
22252781,4,2,7,4,2
22253002,4,2,2,6,6
22253030,6,4,6,2,3
22253057,6,4,6,2,3
22253341,3,3,5,7,7
22253847,4,2,2,6,6
22254041,1,1,1,5,0
22254394,1,1,1,5,0
22259465,4,6,6,6,6
22259490,2,5,2,1,4
22263046,3,3,5,7,7
22289155,5,5,2,0,4
22289712,0,4,0,2,4
22289996,0,0,0,3,4
22290055,7,7,4,6,5
22290798,7,7,4,4,5
22290929,0,4,0,2,3
22291202,4,6,4,4,6
22291263,5,5,7,1,4
22291522,6,4,6,2,3
22295030,7,7,4,1,5
22303941,0,4,0,2,3
22304967,1,1,1,5,0
22305042,0,4,0,2,4
22305188,4,6,4,4,6
22305233,5,5,7,1,4
22305734,4,6,6,4,6
22305890,0,4,0,2,4
22306128,4,6,6,4,6
22308248,4,2,4,4,4
22318795,1,1,1,5,0
22319658,1,1,1,5,0
22320159,0,4,0,2,0
22320193,5,5,2,0,4
22320572,0,4,0,2,4
22321015,6,6,6,4,2
22321099,0,4,0,2,4
22321375,6,6,6,4,2
22321567,1,1,1,5,0
22321866,7,7,2,1,2
22322088,0,0,0,3,7
22322610,1,1,1,5,0
22323121,3,3,1,7,7
22325291,0,4,0,2,4
22325311,0,4,0,2,4
22325384,4,2,4,4,6
22325398,5,5,4,1,4
22325407,4,2,2,4,6
22333780,4,2,4,4,6
22333796,0,4,0,2,4
22333808,0,4,0,2,4
22333923,3,3,3,7,7
22334034,4,2,6,4,6
22334054,0,0,0,3,7
22334083,7,7,2,1,2
22335646,6,4,6,3,3
22336364,5,5,7,1,4
22336714,5,5,7,1,4
22337035,0,0,0,3,4
22337381,1,1,1,5,0
22337731,6,6,5,2,4
22338220,5,5,7,1,4
22338375,4,2,4,4,2
22351446,3,7,3,7,7
22351497,0,4,0,2,4
22351984,1,1,1,5,0
22352194,0,0,7,3,2
22352339,0,4,0,2,4
22352873,4,6,4,4,6
22353544,0,0,0,3,7
22354343,1,1,1,5,0
22355032,1,1,1,5,0
22355391,6,6,6,4,5
22362070,5,5,2,0,4
22367401,0,0,0,3,4
22368226,1,1,1,5,0
22368628,0,4,0,2,3
22369394,5,5,2,1,4
22369407,5,5,4,1,4
22370401,6,4,6,2,3
22371877,0,4,0,2,4
22379030,1,1,1,5,0
22384049,0,0,3,3,7
22384163,5,5,4,1,3
22385253,6,4,6,2,3
22385620,5,5,5,1,4
22386217,4,2,4,6,6
22386255,1,1,1,5,0
22386267,5,5,4,1,4
22386779,0,0,0,3,7
22386921,0,4,0,2,3
22387012,7,5,4,1,3
22387134,0,4,0,2,4
22387405,0,4,0,2,0
22387847,0,0,0,3,7
22387946,3,3,3,3,7
22390951,0,4,0,2,4
22399737,7,7,5,1,5
22399817,4,6,6,4,6
22399911,1,1,1,5,0
22400045,4,2,4,4,6
22400105,6,6,6,4,3
22400119,7,7,4,1,2
22400184,0,4,0,2,3
22400234,0,4,0,2,3
22400881,4,2,4,4,6
22401124,4,4,6,2,3
22401491,3,0,0,3,7
22401569,0,4,0,2,4
22401699,0,4,0,2,3
22401733,6,0,6,4,2
22401777,5,5,5,1,4
22401991,0,4,0,2,4
22402510,4,6,6,4,6
22403320,0,4,0,2,4
22407578,7,7,4,4,5
22407743,0,4,0,2,4
22407755,3,3,0,7,7
22408031,7,7,4,4,5
22409421,6,6,4,4,6
22420667,0,4,0,2,4
22421063,5,5,4,1,4
22421456,4,2,4,4,6
22421484,7,7,4,1,5
22422586,3,0,3,3,3
22422742,1,1,1,5,0
22422830,6,6,3,4,3
22422851,1,1,1,5,0
22423347,0,4,0,2,4
22423901,4,6,4,4,6
22424185,4,6,6,4,6
22424226,0,4,0,2,4
22424359,6,4,6,2,3
22425044,0,0,0,3,7
22431698,1,1,1,5,0
22439942,1,1,1,5,0
22440721,4,6,4,4,6
22441282,4,2,6,4,6
22441661,5,5,5,1,4
22442135,4,2,5,4,5
22442485,4,6,4,4,6
22443245,0,4,0,2,3
22443731,4,6,4,4,6
22443746,4,6,4,4,6
22443795,6,4,6,2,3
22443966,4,2,4,4,5
22445051,0,4,0,2,4
22450895,6,6,6,4,5
22452488,6,4,6,2,3
22457278,6,6,6,4,3
22457306,6,6,6,4,2
22458909,5,5,2,0,4
22459281,0,4,0,2,3
22459504,0,4,0,2,0
22459620,3,0,3,3,7
22461947,4,6,4,4,6
22465245,1,1,1,5,0
22467098,1,1,1,5,0
22467141,1,1,1,5,0
22471277,6,6,6,4,2
22472493,6,6,6,4,3
22472534,0,0,0,3,4
22472874,1,1,1,5,0
22472921,0,4,0,2,3
22473959,0,4,0,2,4
22474223,2,7,4,1,3
22474332,4,2,4,4,6
22474374,6,6,6,4,6
22475504,1,1,1,5,0
22482033,0,4,0,2,4
22482130,0,4,0,2,3
22482214,1,1,1,5,0
22482309,1,1,1,5,0
22482392,1,1,1,5,0
22489848,0,4,0,2,4
22489887,7,2,4,4,5
22489920,1,1,1,5,0
22489954,0,4,0,2,3
22490056,5,5,4,1,4
22490172,7,2,4,4,6
22490208,4,2,4,4,6
22490243,3,3,1,7,1
22490261,5,5,5,1,4
22490311,6,4,6,2,3
22491338,1,1,1,5,0
22491408,1,1,1,5,0
22491466,7,7,4,6,5
22491658,4,6,4,4,6
22491867,1,1,1,5,0
22492191,5,5,5,1,3
22492457,4,6,6,4,3
22492831,1,1,1,5,0
22493185,7,7,4,4,5
22493582,0,0,7,4,2
22494216,0,0,0,3,7
22494286,3,3,3,7,7
22494355,1,1,1,5,0
22495000,0,4,0,2,4
22501201,4,2,2,4,6
22501815,1,1,1,5,0
22502600,4,6,4,4,6
22507678,4,6,4,4,6
22507781,4,6,4,4,6
22508157,0,0,0,3,7
22508260,1,1,1,5,0
22508520,3,3,1,7,1
22508637,4,6,4,4,6
22508730,0,0,0,3,7
22508854,1,1,1,5,0
22508880,4,6,4,4,6
22508917,0,4,0,2,3
22509142,5,5,5,1,4
22509280,7,2,4,4,5
22509465,4,2,2,6,6
22509907,7,7,4,4,5
22510363,0,4,0,2,0
22510531,7,2,4,4,5
22510574,3,3,3,7,7
22512864,6,6,6,4,2
22513978,6,6,6,4,3
22517654,1,1,1,5,0
22517904,0,0,0,3,7
22518722,0,4,0,2,4
22523078,0,4,0,2,4
22524604,4,2,2,4,5
22524871,7,7,2,1,2
22524882,4,6,4,4,6
22524963,0,0,0,3,7
22525292,1,1,1,5,0
22525388,0,4,0,2,3
22525629,1,1,1,5,0
22525675,0,4,3,3,0
22525852,1,1,1,5,0
22525982,3,3,1,7,1
22526028,2,7,2,1,5
22526214,4,2,4,4,6
22526374,1,1,1,5,0
22526424,6,6,6,2,3
22526977,7,7,2,1,2
22530696,0,0,0,3,4
22534022,0,4,0,2,4
22538424,2,7,7,1,2
22538589,5,5,2,0,4
22538810,4,2,4,4,5
22538903,6,6,7,4,2
22539152,1,1,1,5,0
22539193,4,6,4,4,6
22539559,0,0,0,3,4
22539760,0,4,0,2,4
22539881,0,0,0,3,7
22540036,6,4,6,2,3
22540176,7,2,5,6,3
22540190,1,1,1,5,0
22540347,4,6,6,4,5
22540464,1,1,1,5,0
22540481,0,4,0,2,4
22541040,4,6,4,4,6
22541358,4,4,0,2,4
22541376,7,7,4,4,5
22541453,0,0,0,3,7
22541489,4,6,4,4,6
22542615,0,4,0,2,4
22545013,4,6,4,4,6
22548402,0,4,0,2,4
22554038,4,2,6,4,6
22554192,0,4,0,2,4
22554202,0,4,0,2,4
22554236,6,6,6,4,2
22554439,2,7,5,1,2
22554605,7,7,2,1,5
22554724,0,4,0,2,4
22554871,0,4,0,2,3
22554898,7,7,2,1,2
22554940,4,2,4,4,6
22554968,5,5,5,1,3
22555096,4,2,7,4,3
22555128,1,1,1,5,0
22555523,4,2,4,4,6
22556306,0,4,0,2,4
22556360,6,6,6,4,6
22556726,0,0,3,3,7
22557025,5,5,7,1,4
22557560,4,2,6,4,6
22560358,3,3,4,7,7
22560512,0,4,0,2,4
22569429,3,3,5,1,4
22569523,0,4,0,2,4
22569579,0,4,0,2,3
22569643,4,6,4,4,6
22569788,5,5,2,0,4
22569833,6,6,4,4,6
22569853,5,5,4,1,3
22569891,4,2,4,4,6
22569963,0,4,0,2,4
22569998,5,5,4,1,4
22570007,4,2,4,4,6
22570051,5,5,4,7,4
22570520,0,4,0,2,3
22572198,5,5,2,1,2
22572274,3,0,3,3,3
22573296,4,6,4,4,6
22573317,6,4,6,2,3
22574275,1,1,1,5,0
22575626,7,7,4,4,5
22575873,6,4,6,2,3
22575972,7,7,4,1,3
22576727,5,5,5,1,3
22577932,4,6,4,4,6
22581141,7,7,2,1,5
22591718,4,6,5,4,5
22591756,5,5,7,1,4
22592025,7,2,4,4,6
22592072,1,1,1,5,0
22592227,5,5,2,1,4
22592362,4,6,4,4,6
22593044,4,2,4,4,6
22593081,3,3,4,4,5
22593192,0,4,0,2,3
22593296,5,5,4,1,2
22593716,4,2,6,4,6
22593915,3,3,3,3,7
22593941,0,4,0,2,3
22593994,5,5,7,1,3
22594220,1,1,1,5,0
22594415,4,2,4,4,6
22594921,5,5,4,1,4
22595631,4,6,4,4,6
22605981,0,4,0,2,4
22606466,1,1,1,5,0
22606487,1,1,1,5,0
22606646,4,6,4,4,6
22606775,7,7,4,1,5
22606878,1,1,1,5,0
22606983,4,6,4,4,6
22606995,0,4,0,2,4
22607413,6,6,6,4,2
22607500,1,1,1,5,0
22607880,0,0,0,3,7
22608012,1,1,1,5,0
22608057,4,6,4,4,6
22608644,3,3,5,7,7
22608700,4,2,4,4,5
22609073,0,4,0,2,4
22609090,2,2,2,1,4
22609280,3,3,3,7,7
22609295,7,7,2,6,5
22609386,4,2,4,4,6
22612036,1,1,1,5,0
22612076,5,5,7,1,4
22615294,5,5,2,1,4
22615321,5,5,7,1,4
22616418,0,4,0,2,4
22616692,7,7,4,1,5
22616709,4,6,4,4,6
22616809,4,2,4,4,6
22620990,4,2,4,4,6
22621071,0,4,0,2,3
22621080,4,6,4,4,6
22621130,6,6,4,4,6
22621150,5,5,7,1,4
22623250,5,5,4,1,2
22623387,1,1,1,5,0
22623608,1,1,1,5,0
22626414,4,4,6,4,3
22626565,3,3,5,7,7
22626658,0,4,0,2,4
22626823,0,0,0,3,7
22626837,4,2,4,4,6
22627082,5,5,5,1,4
22627098,0,4,0,2,4
22627129,0,4,0,2,4
22630079,4,2,4,4,6
22630332,0,4,0,2,4
22630758,5,5,4,1,4
22630933,4,6,4,4,6
22630947,0,4,0,2,3
22631970,5,5,2,1,4
22632099,1,1,1,5,0
22632490,5,5,5,1,3
22632535,6,6,6,4,6
22632562,1,1,1,5,0
22632662,4,2,4,4,6
22632823,0,0,0,3,4
22632951,3,3,3,7,7
22633018,0,4,0,2,4
22633083,1,1,1,5,0
22633487,5,5,2,1,2
22633550,5,5,7,1,3
22634994,5,5,4,1,3
22635021,5,5,4,1,3
22638070,4,6,4,4,6
22638176,0,0,0,3,7
22638433,4,6,4,4,6
22670790,1,1,1,5,0
22672226,6,6,6,4,5
22672527,6,6,6,4,3
22672794,1,1,1,5,0
22673073,2,7,7,1,3
22673537,1,1,1,5,0
22673958,3,0,0,3,7
22674136,5,5,4,1,4
22674465,3,0,3,3,7
22674624,1,1,1,5,0
22674832,6,4,6,2,3
22674926,6,6,4,4,6
22675018,0,4,0,2,4
22675062,0,0,0,3,4
22675113,0,4,0,2,4
22675269,0,0,3,3,0
22676457,1,1,1,5,0
22677923,4,4,4,2,4
22686753,7,2,4,4,5
22686775,6,6,4,4,6
22686811,6,4,6,2,3
22686914,0,4,0,2,3
22686951,1,1,1,5,0
22687052,4,6,4,4,5
22687078,6,4,6,2,3
22687173,0,4,0,2,3
22687194,6,6,6,4,5
22687226,6,6,6,4,5
22687249,3,0,3,3,7
22687260,7,7,4,4,5
22687325,6,6,6,2,3
22687792,3,3,5,7,7
22687803,0,4,0,2,3
22688995,0,4,0,2,4
22689022,7,2,4,4,5
22689500,6,4,6,2,3
22689983,6,6,4,4,6
22691456,5,5,4,1,4
22697592,0,4,0,2,3
22705632,6,6,4,4,6
22705673,6,6,6,4,5
22705763,1,1,1,5,0
22705938,1,1,1,5,0
22706101,6,6,6,4,3
22706128,7,7,4,4,5
22706198,1,1,1,5,0
22706292,7,7,4,4,2
22706509,5,5,5,4,2
22706806,4,7,4,4,2
22706880,6,6,4,4,6
22707211,6,6,6,2,3
22707226,6,4,6,2,3
22708322,0,4,0,2,4
22708337,4,6,4,4,2
22708687,0,4,0,2,4
22708934,6,6,4,4,6
22709088,1,1,1,5,0
22709146,6,6,6,4,3
22709681,6,6,4,4,5
22709798,4,6,4,4,5
22711986,6,6,4,4,6
22718440,6,6,6,4,2
22718701,6,6,6,4,5
22718735,4,6,4,4,6
22718893,6,6,4,4,6
22720051,6,6,6,4,2
22720319,6,6,6,2,3
22720409,7,7,4,1,5
22720521,3,3,5,7,7
22720715,3,3,5,7,7
22721463,4,2,4,4,5
22721542,1,1,1,5,0
22721959,5,5,4,1,4
22722595,6,6,4,4,6
22728824,0,0,3,3,3
22733884,3,3,5,7,7
22734165,0,4,0,2,4
22734572,6,4,6,2,3
22734956,7,7,5,1,2
22734966,1,1,1,5,0
22735117,1,1,1,5,0
22735476,6,6,4,4,6
22735614,6,6,6,4,3
22736442,1,1,1,5,0
22736765,7,7,4,4,5
22737100,6,6,4,4,6
22737391,6,6,4,4,6
22740234,6,6,4,4,6
22741863,1,1,1,5,0
22746837,1,1,1,5,0
22751258,4,6,4,4,6
22751681,0,4,0,2,3
22751751,3,0,3,3,7
22751882,6,6,4,4,6
22751898,1,1,1,5,0
22752640,1,1,1,5,0
22752787,6,6,6,4,3
22752898,5,5,4,1,4
22753129,1,1,1,5,0
22753426,1,1,1,5,0
22753467,4,6,4,4,5
22753661,0,4,0,2,3
22753714,1,1,1,5,0
22753940,6,6,4,4,6
22753985,4,4,4,2,4
22754139,0,4,0,2,3
22754196,7,7,4,1,5
22754551,0,4,0,2,4
22755203,3,0,0,3,7
22755224,5,5,5,1,4
22755412,5,5,4,1,4
22755819,1,1,1,5,0
22756192,0,4,0,2,3
22768328,6,4,6,2,3
22768384,0,4,0,2,4
22768395,5,5,4,1,4
22768412,0,4,0,2,0
22768443,6,6,6,4,3
22768462,0,4,0,2,4
22768650,7,7,4,1,2
22768809,0,0,0,3,7
22768870,0,4,0,2,4
22769293,6,6,6,4,5
22769330,6,6,6,4,5
22769429,0,4,0,2,3
22769452,6,0,3,3,3
22769510,5,5,5,1,4
22769548,0,0,0,3,4
22770305,5,5,5,1,4
22770679,1,1,1,5,0
22770743,1,1,1,5,0
22771485,6,6,4,4,6
22771912,5,5,4,1,4
22772806,1,1,1,5,0
22773291,6,6,4,4,6
22774961,6,6,6,4,3
22775182,5,5,5,1,2
22775249,4,2,4,4,4
22777128,7,7,4,4,5
22778510,7,2,4,4,5
22780275,6,6,4,4,6
22780659,6,6,4,4,6
22789217,4,2,4,4,5
22789748,6,6,6,4,3
22789826,0,4,0,2,4
22790072,6,6,4,4,6
22790131,0,4,0,2,4
22790432,1,1,1,5,0
22790994,0,4,0,2,0
22791430,4,6,4,4,4
22791556,7,7,4,4,5
22791905,5,5,5,1,4
22792125,0,4,0,2,4
22792376,6,6,6,4,3
22792492,1,1,1,5,0
22792670,7,2,4,4,5
22792932,4,6,4,4,6
22793000,3,3,1,7,1
22793053,4,6,4,4,2
22793807,6,6,6,4,3
22793822,0,4,0,3,3
22793982,6,6,4,4,6
22794360,0,4,0,2,4
22796674,5,5,4,1,2
22797628,5,5,4,1,4
22810068,1,1,1,5,0
22810202,1,1,1,5,0
22810880,4,6,4,4,6
22810993,5,5,4,1,4
22811007,0,4,0,2,4
22811438,1,1,1,5,0
22811447,6,6,6,4,5
22811485,6,6,6,2,3
22812220,0,4,0,2,4
22812280,1,1,1,5,0
22812431,0,4,0,2,3
22812924,0,0,0,3,7
22813628,3,3,0,3,1
22818230,3,0,3,3,7
22819954,1,1,1,5,0
22821219,6,6,7,4,2
22825471,6,6,4,4,5
22825755,0,4,0,2,4
22825783,0,0,0,3,7
22825860,1,1,1,5,0
22825932,6,6,6,4,3
22825976,5,5,4,1,2
22826117,6,6,4,4,6
22826444,4,2,4,4,2
22826723,6,6,4,4,6
22826798,4,6,4,4,6
22827543,0,0,0,3,4
22827589,4,6,5,4,5
22827663,6,6,4,4,6
22827726,6,6,4,4,6
22827893,6,4,6,2,3
22828030,6,4,6,2,3
22828131,5,5,5,1,3
22828191,6,6,4,4,6
22828533,1,1,1,5,0
22828764,4,6,4,4,6
22829063,7,7,4,1,3
22829107,6,6,6,4,2
22829146,6,6,6,4,3
22829183,1,1,1,5,0
22829196,1,1,1,5,0
22829358,3,3,5,7,7
22829592,7,7,4,1,2
22829707,5,5,4,1,2
22829901,1,1,1,5,0
22830714,6,6,4,4,6
22833652,6,6,4,4,6
22836608,4,6,6,4,5
22837747,1,1,1,5,0
22837986,0,0,0,3,4
22838446,5,5,4,1,4
22842462,0,4,6,2,3
22842474,5,5,7,1,4
22842686,1,1,1,5,0
22842851,3,3,3,7,7
22843049,0,4,0,2,4
22843506,4,2,4,4,4
22843764,1,1,1,5,0
22844038,4,2,4,4,5
22844153,1,1,1,5,0
22844419,0,0,0,3,7
22844439,4,6,4,4,5
22844473,1,1,1,5,0
22844607,6,6,6,4,5
22845408,1,1,1,5,0
22845709,6,6,6,4,3
22845947,3,3,7,7,7
22845958,7,7,4,1,5
22846454,4,2,4,4,5
22847265,6,6,6,4,6
22848466,0,4,0,2,4
22854449,1,1,1,5,0
22855817,0,0,0,3,7
22860456,6,4,6,2,3
22860508,7,7,4,4,5
22860633,6,6,4,4,6
22860753,0,0,0,3,7
22861305,0,4,0,2,4
22861429,5,5,5,1,4
22861502,1,1,1,5,0
22862122,0,0,0,3,4
22862193,6,6,6,4,2
22862786,1,1,1,5,0
22863937,5,5,4,1,4
22864116,5,5,4,1,4
22865641,1,1,1,5,0
22866413,1,1,1,5,0
22866541,6,6,4,4,6
22866576,0,0,0,3,7
22868416,1,1,1,5,0
22869084,2,2,4,4,5
22875978,5,5,4,4,2
22876142,0,4,0,2,4
22876480,0,0,0,4,7
22877234,6,6,4,4,6
22877399,1,1,1,5,0
22878157,0,4,0,2,4
22879405,5,5,5,1,4
22879490,6,6,4,4,5
22880632,5,5,4,1,4
22891964,5,5,5,1,4
22892182,0,4,0,2,4
22892300,4,2,4,4,5
22892613,5,5,7,1,4
22892777,6,6,4,4,6
22892853,7,7,4,1,5
22893113,2,7,4,4,5
22893928,0,4,0,2,4
22893940,0,4,0,2,4
22893994,2,2,4,4,5
22894273,7,7,4,1,2
22894708,4,2,4,4,5
22895440,1,1,1,5,0
22895796,6,6,6,4,3
22895826,6,6,4,4,6
22895974,5,5,5,1,2
22896455,4,2,4,4,5
22898634,6,4,6,2,3
22898751,3,3,1,7,1
22898932,6,6,4,4,6
22899213,4,6,4,4,2
22899381,6,6,4,4,6
22900329,4,6,4,4,6
22908651,5,5,5,1,4
22908665,0,4,0,2,4
22908848,0,4,0,2,4
22909208,1,1,1,5,0
22909234,1,1,1,5,0
22909538,6,6,4,4,6
22909782,1,1,1,5,0
22909814,5,5,7,1,3
22910021,5,5,4,1,5
22910044,1,1,1,5,0
22910191,1,1,1,5,0
22910236,1,1,1,5,0
22910466,5,5,5,1,4
22910521,1,1,1,5,0
22910542,0,4,0,2,4
22911542,6,6,4,4,6
22911593,0,0,0,3,4
22912394,1,1,1,5,0
22912639,3,3,5,7,7
22912701,6,6,4,4,5
22916221,6,6,4,4,6
22916294,6,4,6,2,3
22921570,7,7,4,1,2
22921749,0,4,0,2,4
22921849,6,6,4,4,6
22922606,0,4,0,2,4
22922647,0,4,0,2,3
22923269,5,5,4,1,4
22923657,5,5,4,1,4
22923845,1,1,1,5,0
22923900,4,6,6,4,5
22924389,1,1,1,5,0
22924826,6,6,6,4,5
22925241,1,1,1,5,0
22926082,1,1,1,5,0
22926459,0,4,0,2,4
22926773,7,7,4,4,2
22929218,5,5,5,1,3
22932233,5,5,5,1,4
22932947,5,5,4,1,4
22938143,1,1,1,5,0
22938218,0,4,0,2,3
22938337,1,1,1,5,0
22938442,7,2,4,4,5
22938506,6,6,6,4,6
22938555,6,6,4,4,6
22938650,6,6,5,4,5
22938679,4,6,4,4,2
22938694,6,6,6,4,5
22938766,1,1,1,5,0
22938787,5,5,5,1,4
22938837,5,5,7,1,3
22939120,7,7,5,1,2
22939142,5,5,7,1,4
22939161,1,1,1,5,0
22939304,4,2,4,4,5
22940166,5,5,7,1,4
22941345,1,1,1,5,0
22942031,0,4,0,2,4
22942102,0,0,0,3,4
22942346,6,6,6,4,5
22942750,4,6,4,4,6
22942893,1,1,1,5,0
22943512,6,6,4,4,5
22943753,6,6,7,4,2
22947208,5,5,7,1,3
22947384,6,6,6,2,3
22948041,4,6,4,4,5
22948452,6,6,6,4,3
22948920,6,6,4,4,6
22959125,5,5,7,1,3
22959224,6,6,4,4,6
22960087,0,4,0,2,4
22960949,6,6,4,4,5
22962206,1,1,1,5,0
22962714,7,2,4,4,5
22963235,6,6,4,4,6
22963241,1,1,1,7,1
22964423,0,4,0,2,4
22968929,1,1,1,5,0
22980381,6,6,5,4,4
22981170,6,6,4,4,6
22982036,7,7,4,1,5
22982078,5,5,4,1,4
22982131,0,6,7,4,2
22982283,4,6,4,4,2
22983615,6,6,6,4,5
22984112,6,6,6,4,2
22984181,7,7,4,1,5
22984429,0,0,0,3,7
22984475,7,7,4,4,5
22984787,0,0,0,3,4
22985662,6,6,4,4,6
22986665,6,6,6,4,3
22986750,6,6,4,4,5
22986754,5,5,7,1,4
22986872,0,4,0,2,3
22986905,5,5,7,1,3
22989931,5,5,4,1,4
22990593,1,1,1,5,0
23004785,4,2,4,4,5
23004939,5,5,7,1,3
23005460,4,2,4,4,5
23005723,5,5,4,1,4
23005753,0,0,0,3,4
23005959,4,2,4,4,5
23005972,7,7,4,1,2
23006196,5,5,7,1,4
23006439,4,6,4,4,2
23006459,0,4,0,3,3
23006819,6,4,6,2,3
23006868,7,2,4,4,2
23007070,6,4,6,2,3
23007123,1,1,1,5,0
23007210,6,4,6,2,3
23007674,1,1,1,5,0
23007799,5,5,5,1,3
23007894,0,4,0,2,3
23008243,7,7,4,4,5
23008314,0,4,0,2,3
23010542,4,6,6,4,2
23010701,5,5,7,1,4
23011092,7,2,4,4,5
23011763,0,4,0,2,3
23012159,7,7,4,1,2
23015394,6,6,4,4,6
23015988,0,4,0,2,4
23016417,6,6,4,4,6
23016463,5,5,5,1,3
23016510,5,7,7,1,3
23016901,5,5,7,4,3
23016970,0,4,0,2,0
23018257,4,6,4,4,6
23018390,1,1,1,5,0
23058244,6,6,6,4,5
23058642,0,0,0,3,4
23059998,6,6,6,4,2
23060344,1,1,1,5,0
23065099,0,4,0,2,3
23079734,6,6,6,4,5
23080452,5,5,7,1,3
23081939,0,4,0,2,4
23082783,6,6,6,2,3
23083820,6,6,6,4,5
23084903,1,1,1,5,0
23092092,5,5,5,1,2
23100619,6,4,6,2,3
23101221,1,1,1,5,0
23101511,5,5,5,1,4
23101567,6,6,6,4,3
23101962,7,7,5,1,2
23103611,5,5,7,4,2
23108157,6,6,6,4,5
23116550,6,6,6,4,5
23117088,6,4,6,2,3
23117376,1,1,1,5,0
23117385,0,0,0,3,4
23117408,0,0,0,3,7
23117456,1,1,1,5,0
23117922,0,4,0,2,4
23117978,0,4,0,2,4
23118069,6,4,6,2,3
23118292,0,0,0,3,7
23118768,6,6,6,4,5
23119712,5,5,5,4,4
23120162,6,6,6,2,3
23120445,5,5,7,1,4
23121257,0,4,0,2,4
23121584,6,6,6,4,3
23121624,5,5,7,1,4
23124021,6,6,6,4,2
23124219,6,6,6,4,5
23124820,0,0,0,3,4
23125308,6,6,6,4,3
23125509,6,6,5,4,5
23132161,6,6,6,4,5
23133736,0,4,0,2,3
23134007,1,1,1,5,0
23134116,0,4,0,2,4
23134558,6,6,6,2,3
23137888,6,6,5,4,5
23138252,5,5,5,1,4
23138507,6,6,6,4,5
23139016,1,1,1,5,0
23139297,6,6,6,4,5
23144354,6,6,6,2,3
23155592,1,1,1,5,0
23155833,0,4,0,2,3
23156053,1,1,1,5,0
23156086,0,4,0,2,3
23156101,6,6,5,4,5
23156693,0,4,0,2,4
23156976,6,6,6,4,3
23157117,1,1,1,5,0
23157206,0,4,0,2,4
23158036,6,6,5,4,5
23159503,6,6,6,2,3
23160082,6,6,6,4,5
23160342,1,1,1,5,0
23160760,6,4,6,2,3
23161435,6,6,6,4,3
23161688,6,4,6,2,3
23162064,1,1,1,5,0
23165318,5,5,5,3,4
23167161,6,6,6,4,5
23169678,1,1,1,5,0
23170880,0,4,0,2,4
23180076,6,6,6,4,5
23180217,0,4,0,2,4
23180907,1,1,1,5,0
23181604,6,6,7,4,2
23182209,1,1,1,5,0
23182995,6,6,6,4,5
23183946,6,6,6,2,3
23187716,6,6,6,4,5
23192601,6,6,6,4,5
23192789,1,1,1,5,0
23201737,0,4,0,2,4
23202187,1,1,1,5,0
23202889,0,4,0,2,4
23204253,6,6,6,4,5
23205001,3,0,3,3,7
23205406,5,5,7,1,4
23206791,5,5,5,1,4
23211079,5,5,5,1,4
23221210,0,4,0,2,4
23221318,0,0,0,3,7
23221337,0,4,0,2,3
23222616,6,6,6,4,2
23222782,1,1,1,5,0
23222956,7,7,5,1,2
23223030,1,1,1,5,0
23223347,7,7,5,4,2
23223367,6,6,6,4,3
23223818,1,1,1,5,0
23223888,1,1,1,5,0
23224364,5,5,5,1,4
23224398,6,6,6,2,3
23228573,6,6,6,4,5
23230015,6,6,6,4,5
23230858,7,7,5,1,2
23242332,1,1,1,5,0
23242368,1,1,1,5,0
23242790,6,6,6,2,3
23243104,7,7,5,1,2
23243461,6,6,6,4,5
23243493,5,5,5,1,4
23244029,6,6,6,4,5
23244264,1,1,1,5,0
23244581,6,6,6,4,5
23244646,6,6,6,4,3
23245078,1,1,1,5,0
23246741,5,5,5,1,4
23247350,0,4,0,2,4
23247492,1,1,1,5,0
23247612,6,0,3,2,3
23247756,0,4,0,2,4
23250241,1,1,1,5,0
23251826,0,0,0,3,7
23255171,6,6,6,4,5
23256868,1,1,1,5,0
23262239,1,1,1,5,0
23262252,1,1,1,5,0
23262263,6,6,6,4,5
23262333,6,6,6,4,5
23262503,1,1,1,5,0
23262694,3,0,3,3,7
23262747,0,0,0,3,4
23262894,0,0,0,3,7
23262922,0,0,0,3,7
23262937,1,1,1,5,0
23263041,6,6,6,4,5
23263090,5,5,7,1,4
23263121,3,3,3,3,7
23263677,6,6,6,4,5
23263706,6,6,7,4,3
23263739,6,6,6,4,5
23264101,6,6,6,2,3
23264121,6,6,6,2,3
23265652,0,4,0,2,4
23265663,6,6,6,4,2
23266183,6,4,0,2,3
23266433,5,5,5,1,4
23267259,5,5,5,1,4
23268933,1,1,1,5,0
23269766,1,1,1,5,0
23270223,6,6,6,4,5
23275344,1,1,1,5,0
23276249,1,1,1,5,0
23277928,5,5,7,4,3
23287800,0,4,0,2,3
23287844,6,6,6,4,5
23288732,6,6,6,4,5
23289508,5,5,5,1,4
23290387,1,1,1,5,0
23290824,6,6,7,4,2
23291067,0,4,0,2,3
23291085,6,6,6,4,5
23291539,0,4,0,2,4
23292689,6,6,6,4,5
23292809,0,4,0,2,4
23293304,5,5,7,1,4
23293451,3,3,3,7,7
23295954,1,1,1,5,0
23299857,6,6,6,4,2
23300177,1,1,1,5,0
23306124,5,5,5,1,4
23306566,0,4,0,2,4
23306660,1,1,1,5,0
23306766,6,6,6,4,2
23306926,0,4,0,2,3
23307040,1,1,1,5,0
23307691,5,5,7,1,4
23307798,1,1,1,5,0
23309356,1,1,1,5,0
23309589,5,5,5,1,4
23310617,0,4,0,2,4
23310876,6,6,7,4,5
23310974,6,6,6,4,5
23311087,1,1,1,5,0
23311146,6,6,6,4,5
23311431,6,6,6,4,5
23311932,1,1,1,5,0
23313741,0,4,0,2,4
23314232,1,1,1,5,0
23319784,1,1,1,5,0
23326903,0,4,0,2,4
23327047,7,7,5,1,2
23327090,1,1,1,5,0
23327274,7,7,7,1,3
23327751,0,4,0,2,4
23327921,1,1,1,5,0
23328833,1,1,1,5,0
23328938,7,7,7,1,3
23328959,6,6,5,4,5
23329003,3,3,3,3,7
23329364,0,4,0,2,4
23330164,1,1,1,5,0
23330310,1,1,1,5,0
23330358,6,6,6,4,5
23334988,6,4,6,2,3
23335223,0,4,0,2,4
23335331,6,6,6,4,5
23335721,7,7,5,1,2
23341120,5,5,5,1,4
23343294,1,1,1,5,0
23343370,6,6,6,4,5
23348565,6,6,6,4,5
23348830,1,1,1,5,0
23348940,0,4,0,2,3
23349090,1,1,1,5,0
23349309,0,4,0,2,3
23349359,5,5,5,1,4
23349607,1,1,1,5,0
23349763,3,3,3,3,7
23349804,1,1,1,5,0
23350298,6,6,6,4,5
23350447,1,1,1,5,0
23350762,6,6,6,4,5
23350885,6,6,6,2,3
23351177,6,6,6,4,5
23351214,3,0,3,3,7
23351908,1,1,1,5,0
23352799,1,1,1,5,0
23353318,0,0,0,3,7
23353427,5,5,5,1,4
23354085,1,1,1,5,0
23354222,6,6,6,4,5
23357385,0,0,0,3,4
23359858,6,6,6,4,3
23360653,1,1,1,5,0
23361843,1,1,1,5,0
23366218,0,0,3,3,7
23371229,6,6,6,4,5
23371243,4,6,5,4,5
23371335,6,6,6,4,5
23371367,6,6,6,4,5
23371420,6,6,6,4,5
23371481,1,1,1,5,0
23371533,6,6,6,4,5
23371575,1,1,1,5,0
23371688,6,6,6,4,5
23371716,0,4,0,2,3
23371987,6,4,6,2,3
23371998,6,6,6,4,3
23372148,6,6,6,4,5
23372553,6,6,6,4,5
23372838,6,6,6,4,5
23373978,7,7,5,4,2
23375431,6,6,6,4,3
23375590,6,6,6,4,5
23375743,0,4,0,2,4
23375933,1,1,1,5,0
23376362,1,1,1,5,0
23377398,1,1,1,5,0
23379028,7,7,7,4,5
23379478,6,6,6,4,5
23394502,0,0,0,3,7
23395820,6,6,6,4,3
23396069,0,0,0,3,7
23396837,6,6,6,4,5
23397198,6,6,6,4,5
23397389,5,5,5,1,4
23397441,6,4,6,2,3
23397641,3,3,3,7,1
23397731,5,5,5,1,4
23397746,5,5,7,1,4
23398128,1,1,1,5,0
23402063,6,6,6,4,2
23403049,1,1,1,5,0
23403505,6,4,6,2,3
23417326,6,6,6,4,5
23417645,7,6,5,4,5
23417898,1,1,1,5,0
23417947,1,1,1,5,0
23417964,6,6,6,4,2
23419034,0,4,0,2,4
23419551,3,0,0,3,7
23419597,0,0,3,3,7
23419670,6,6,5,4,5
23419716,5,5,5,4,5
23420592,0,4,0,2,4
23421698,5,5,5,1,4
23421932,6,4,0,2,3
23422290,6,6,6,4,5
23424265,5,5,5,1,4
23427592,1,1,1,5,0
23429402,7,7,7,1,3
23429453,5,5,5,1,4
23437688,0,0,0,3,7
23437707,1,1,1,5,0
23437774,6,6,6,4,5
23438174,1,1,1,5,0
23438934,6,4,6,2,3
23439292,5,5,7,1,3
23440146,1,1,1,5,0
23440225,0,4,0,2,4
23441604,0,4,0,2,3
23441799,1,1,1,5,0
23442162,1,1,1,5,0
23442473,6,6,6,4,5
23442631,0,4,0,2,3
23443112,6,6,5,4,5
23443220,5,5,5,1,4
23443556,1,1,1,5,0
23443829,6,6,6,4,5
23446035,5,5,5,1,4
23448654,7,7,5,1,2
23450207,0,4,0,2,4
23461448,1,1,1,5,0
23461506,3,0,3,3,7
23461695,0,4,0,2,4
23461740,6,6,6,4,3
23461803,0,4,0,2,4
23461982,6,6,6,4,5
23462169,6,6,6,4,5
23462310,7,6,5,4,5
23462506,1,1,1,5,0
23462873,1,1,1,5,0
23462881,6,6,6,4,5
23463201,1,1,1,5,0
23463974,3,3,3,7,7
23464021,1,1,1,5,0
23464499,3,3,5,3,7
23464595,5,5,5,1,4
23467100,6,6,6,4,5
23468310,5,5,5,1,4
23468670,1,1,1,5,0
23473441,0,4,0,2,4
23474230,5,5,5,1,4
23475037,5,5,5,4,5
23511136,6,6,6,4,2
23511165,1,1,1,5,0
23511185,6,6,6,4,5
23511195,1,1,1,5,0
23511261,7,7,5,1,2
23511324,6,6,6,4,2
23511379,0,4,0,2,4
23511424,3,3,3,7,7
23511475,1,1,1,5,0
23511485,6,6,6,4,3
23511538,0,4,0,2,3
23511568,6,6,6,4,5
23511579,1,1,1,5,0
23511777,5,5,5,1,4
23511829,6,6,6,4,5
23512106,6,6,6,4,5
23512132,6,6,6,4,5
23512168,6,6,5,4,5
23512192,6,6,6,4,5
23512244,0,4,0,2,4
23512313,0,4,0,2,4
23512427,6,6,6,4,3
23514552,6,4,0,2,3
23514591,0,4,0,2,3
23514735,1,1,1,5,0
23515162,1,1,1,5,0
23515328,0,4,0,2,3
23516695,6,6,6,2,3
23518117,0,4,0,2,4
23518450,0,0,0,3,7
23520602,6,6,6,2,3
23528843,6,6,6,4,3
23536027,6,6,6,4,2
23536698,6,6,6,4,2
23537052,6,6,6,4,2
23538061,0,0,0,3,7
23538206,3,3,1,7,1
23538765,1,1,1,5,0
23538981,6,6,6,4,2
23539839,1,1,1,5,0
23545113,6,4,0,2,3
23554296,5,5,7,1,4
23554306,1,1,1,5,0
23554961,6,4,6,2,3
23555021,0,0,0,3,7
23555070,1,1,1,5,0
23555798,6,6,6,2,3
23556126,0,4,0,2,4
23556174,1,1,1,5,0
23558215,6,6,6,4,2
23558720,1,1,1,5,0
23559497,0,4,0,2,3
23561730,1,1,1,5,0
23565531,6,4,6,2,3
23565872,6,6,6,2,3
23568447,6,4,6,2,3
23577922,1,1,1,5,0
23579553,0,0,0,3,7
23580248,1,1,1,5,0
23583200,1,1,1,5,0
23599942,5,5,7,1,4
23601317,5,5,7,4,2
23602211,6,6,6,4,2
23602876,1,1,1,5,0
23621460,1,1,1,5,0
23627943,6,6,6,4,2
23627987,6,6,6,2,3
23628089,5,5,7,1,4
23628226,0,4,0,2,4
23628276,6,6,6,2,3
23628346,5,5,7,1,4
23628426,0,0,0,3,4
23628439,0,4,0,2,4
23629008,6,6,6,2,3
23629188,6,6,6,4,2
23629281,6,6,6,4,2
23629440,1,1,1,5,0
23629459,5,5,7,1,4
23630915,6,6,6,4,2
23631068,5,5,7,1,4
23631330,6,6,6,4,2
23631688,0,0,0,3,7
23632735,1,1,1,5,0
23635258,0,0,0,2,4
23639936,0,4,0,2,4
23640941,5,5,7,1,4
23641362,6,6,6,4,2
23641482,5,5,7,1,4
23653914,0,4,0,2,4
23654409,6,6,6,4,2
23655214,1,1,1,5,0
23655363,6,6,6,2,3
23655621,1,1,1,5,0
23655694,0,4,0,2,3
23657423,6,6,6,4,2
23657840,6,6,6,4,2
23659431,5,5,7,1,4
23659440,6,6,6,4,2
23670816,1,1,1,5,0
23678837,5,5,5,1,4
23679472,1,1,1,5,0
23681922,6,4,6,2,3
23682326,1,1,1,5,0
23684414,1,1,1,5,0
23684888,0,4,0,2,4
23688005,1,1,1,5,0
23688409,0,4,0,2,4
23693856,1,1,1,5,0
23694034,1,1,1,5,0
23700148,6,6,6,2,3
23700661,3,0,0,3,7
23700679,5,5,7,4,2
23701132,0,0,0,3,7
23701195,0,4,0,2,4
23701437,6,6,6,4,2
23702451,1,1,1,5,0
23702506,0,0,0,3,7
23704079,0,0,0,3,4
23705349,6,4,6,2,3
23705484,5,5,7,1,4
23705584,0,4,0,2,4
23714188,1,1,1,5,0
23720169,0,0,0,3,4
23720678,0,4,0,2,4
23721375,6,4,6,2,3
23722094,6,6,6,4,3
23724046,0,6,7,4,2
23724515,1,1,1,5,0
23725773,5,5,7,1,4
23739342,1,1,1,5,0
23739356,1,1,1,5,0
23739874,6,6,6,4,2
23740101,1,1,1,5,0
23740133,1,1,1,5,0
23740701,1,1,1,5,0
23740798,6,6,6,4,3
23740910,6,6,6,4,2
23740931,6,6,6,4,2
23742502,0,0,0,3,7
23742593,0,4,0,2,4
23742606,1,1,1,5,0
23743876,1,1,1,5,0
23744315,0,4,0,2,3
23744888,6,6,6,4,2
23746326,0,4,0,2,3
23748619,1,1,1,5,0
23748858,1,1,1,5,0
23749242,6,6,6,4,2
23752703,0,0,0,3,4
23757930,0,6,7,4,2
23765373,5,5,7,1,4
23765688,1,1,1,5,0
23767010,6,6,6,4,2
23767033,6,6,6,4,2
23767718,0,4,0,2,3
23769468,5,5,7,1,4
23770246,6,6,6,2,3
23770720,1,1,1,5,0
23775576,6,6,6,4,3
23776037,0,4,0,2,4
23777719,6,6,6,4,2
23778191,1,1,1,5,0
23778693,0,4,0,2,4
23784975,1,1,1,5,0
23785287,0,4,0,2,4
23785575,5,5,7,1,4
23785693,5,5,7,1,4
23786559,6,6,6,4,2
23786591,0,4,0,2,4
23786604,1,1,1,5,0
23787140,1,1,1,5,0
23787706,0,4,0,2,4
23787949,6,6,6,2,3
23788247,6,6,6,4,2
23788350,1,1,1,5,0
23788376,6,6,6,4,2
23795445,1,1,1,5,1
23797517,6,6,6,4,2
23797584,0,4,0,2,3
23803089,6,6,6,4,2
23803328,6,6,6,4,2
23803737,0,4,0,2,4
23806251,0,4,0,2,4
23807896,6,6,6,4,2
23808128,0,4,0,2,3
23815847,6,6,6,4,2
23821493,0,4,0,2,4
23821759,1,1,1,5,0
23821839,0,4,0,2,3
23821864,5,5,7,1,2
23822483,0,4,0,2,4
23824120,5,5,7,1,4
23824766,0,4,0,2,3
23828698,3,3,1,7,1
23832700,1,1,1,5,0
23835687,1,1,1,5,0
23835887,1,1,1,5,0
23844927,1,1,1,5,0
23845286,1,1,1,5,0
23845409,5,5,7,1,4
23845561,6,6,6,4,2
23848430,6,6,6,4,2
23852448,0,4,0,2,3
23855095,1,1,1,5,0
23867845,6,6,6,4,2
23868888,0,4,0,2,3
23869996,6,6,6,4,2
23870057,0,4,0,2,4
23870318,1,1,1,5,0
23870441,6,6,6,4,2
23870471,1,1,1,5,0
23870514,1,1,1,5,0
23870638,0,0,0,3,7
23870811,0,0,0,3,4
23871806,5,5,7,1,4
23875891,1,1,1,5,0
23888256,0,4,0,2,4
23888975,5,5,7,1,4
23889896,6,6,6,2,3
23891702,1,1,1,5,0
23899325,6,6,6,4,2
23905585,0,4,0,2,4
23906022,0,4,0,2,4
23906069,6,6,6,4,2
23906470,0,4,0,2,4
23906894,0,4,0,2,3
23911167,0,4,0,2,3
23911208,1,1,1,5,0
23911262,1,1,1,5,0
23913700,6,6,6,4,2
23914160,5,5,7,1,4
23914478,1,1,1,5,0
23917670,0,4,0,2,4
23925570,6,6,6,2,3
23925768,0,4,0,2,4
23926543,6,6,6,2,3
23926726,6,6,6,4,3
23927181,6,4,6,2,3
23927371,1,1,1,5,0
23927678,1,1,1,5,0
23927779,1,1,1,5,0
23929076,5,5,5,1,4
23932482,0,4,0,2,4
23932955,1,1,1,5,0
23936766,0,0,0,3,7
23939899,0,0,0,3,4
23945933,1,1,1,5,0
23946447,0,4,0,2,4
23946494,0,6,7,4,2
23946508,1,1,1,5,0
23946528,5,5,7,1,4
23946541,1,1,1,5,0
23948740,0,0,0,3,7
23949320,6,6,6,2,3
23949356,6,6,6,2,3
23949519,1,1,1,5,0
23949580,0,0,0,3,7
23950128,6,6,6,4,2
23952190,6,6,6,4,2
23953302,6,6,6,4,2
23953390,6,6,6,4,2
23958085,6,6,6,4,3
23963510,6,6,6,4,2
23971566,1,1,1,5,0
23972439,1,1,1,5,0
23973041,1,1,1,5,0
23973537,1,1,1,5,0
23974921,1,1,1,5,0
23975444,1,1,1,5,0
23975463,0,4,0,2,4
23978241,1,1,1,5,0
23978687,1,1,1,5,0
23987292,0,4,0,2,4
23989213,1,1,1,5,0
24024106,0,4,0,2,4
24050167,0,4,0,2,4
24141590,6,6,6,4,2
24328614,0,4,0,2,4
24708383,0,4,0,2,4
24770253,0,4,0,2,4
